{
  "region": "Bishan",
  "source_optimized_shp": "runs/bishan/cultivated_area_constraint/no_net_loss/optimized.shp",
  "n_swappable_parcels": 53086,
  "slope_bands": {
    "definition_deg": [
      {
        "name": "lt6",
        "lo": 0.0,
        "hi": 6.0
      },
      {
        "name": "6_15",
        "lo": 6.0,
        "hi": 15.0
      },
      {
        "name": "15_25",
        "lo": 15.0,
        "hi": 25.0
      },
      {
        "name": "gt25",
        "lo": 25.0,
        "hi": 90.0
      }
    ],
    "orig": {
      "total_farmland_ha": 48282.848730787366,
      "by_band_ha": {
        "lt6": 9808.078541589628,
        "6_15": 32850.7866233308,
        "15_25": 5247.127317379395,
        "gt25": 376.8562484875392
      },
      "by_band_pct": {
        "lt6": 20.313794234215404,
        "6_15": 68.03821126317186,
        "15_25": 10.86747666161128,
        "gt25": 0.7805178410014534
      }
    },
    "opt": {
      "total_farmland_ha": 48285.882796438476,
      "by_band_ha": {
        "lt6": 9842.261042956226,
        "6_15": 33038.13233449176,
        "15_25": 5097.056509593345,
        "gt25": 308.4329093971432
      },
      "by_band_pct": {
        "lt6": 20.383309723152006,
        "6_15": 68.42192877320372,
        "15_25": 10.555997352437966,
        "gt25": 0.6387641512063086
      }
    },
    "delta_ha": {
      "lt6": 34.182501366598444,
      "6_15": 187.3457111609605,
      "15_25": -150.07080778604995,
      "gt25": -68.42333909039598
    }
  },
  "cultivated_area": {
    "orig_ha": 48282.848730787366,
    "opt_ha": 48285.882796438476,
    "delta_ha": 3.0340656511107227,
    "delta_pct": 0.006283940842073932
  },
  "baimu_fang": {
    "orig_count": 110,
    "opt_count": 111,
    "delta_count": 1,
    "orig_area_ha": 46903.82284949786,
    "opt_area_ha": 46933.622367157725,
    "delta_area_ha": 29.79951765986085
  },
  "swap_area_totals": {
    "farm_to_forest_count": 401,
    "forest_to_farm_count": 401,
    "farm_to_forest_area_ha": 406.6441102623884,
    "forest_to_farm_area_ha": 409.6781759134972,
    "net_cultivated_area_change_ha_from_swaps": 3.0340656511088833
  },
  "township_fairness": {
    "townships": [
      {
        "town_code": "500106104",
        "n_parcels_swappable": 46,
        "farmland_area_orig_ha": 0.72784682501117,
        "farmland_area_opt_ha": 0.72784682501117,
        "farmland_area_change_ha": 0.0,
        "slope_mean_orig_deg": 16.478590357180206,
        "slope_mean_opt_deg": 16.478590357180206,
        "slope_change_pct": 0.0,
        "farm_to_forest_count": 0,
        "forest_to_farm_count": 0,
        "farm_to_forest_area_ha": 0.0,
        "forest_to_farm_area_ha": 0.0
      },
      {
        "town_code": "500106109",
        "n_parcels_swappable": 48,
        "farmland_area_orig_ha": 2.5133757901066476,
        "farmland_area_opt_ha": 2.5133757901066476,
        "farmland_area_change_ha": 0.0,
        "slope_mean_orig_deg": 13.985969910180424,
        "slope_mean_opt_deg": 13.985969910180424,
        "slope_change_pct": 0.0,
        "farm_to_forest_count": 0,
        "forest_to_farm_count": 0,
        "farm_to_forest_area_ha": 0.0,
        "forest_to_farm_area_ha": 0.0
      },
      {
        "town_code": "500107104",
        "n_parcels_swappable": 43,
        "farmland_area_orig_ha": 2.1151754115927344,
        "farmland_area_opt_ha": 2.1151754115927344,
        "farmland_area_change_ha": 0.0,
        "slope_mean_orig_deg": 16.75099259307633,
        "slope_mean_opt_deg": 16.75099259307633,
        "slope_change_pct": 0.0,
        "farm_to_forest_count": 0,
        "forest_to_farm_count": 0,
        "farm_to_forest_area_ha": 0.0,
        "forest_to_farm_area_ha": 0.0
      },
      {
        "town_code": "500109101",
        "n_parcels_swappable": 51,
        "farmland_area_orig_ha": 2.47632134951472,
        "farmland_area_opt_ha": 2.47632134951472,
        "farmland_area_change_ha": 0.0,
        "slope_mean_orig_deg": 24.305110900278915,
        "slope_mean_opt_deg": 24.305110900278915,
        "slope_change_pct": 0.0,
        "farm_to_forest_count": 0,
        "forest_to_farm_count": 0,
        "farm_to_forest_area_ha": 0.0,
        "forest_to_farm_area_ha": 0.0
      },
      {
        "town_code": "500109102",
        "n_parcels_swappable": 111,
        "farmland_area_orig_ha": 45.86703190492469,
        "farmland_area_opt_ha": 45.86703190492469,
        "farmland_area_change_ha": 0.0,
        "slope_mean_orig_deg": 12.576728034016366,
        "slope_mean_opt_deg": 12.576728034016366,
        "slope_change_pct": 0.0,
        "farm_to_forest_count": 0,
        "forest_to_farm_count": 0,
        "farm_to_forest_area_ha": 0.0,
        "forest_to_farm_area_ha": 0.0
      },
      {
        "town_code": "500116002",
        "n_parcels_swappable": 93,
        "farmland_area_orig_ha": 15.538050746500748,
        "farmland_area_opt_ha": 15.538050746500748,
        "farmland_area_change_ha": 0.0,
        "slope_mean_orig_deg": 14.409984137178178,
        "slope_mean_opt_deg": 14.409984137178178,
        "slope_change_pct": 0.0,
        "farm_to_forest_count": 0,
        "forest_to_farm_count": 0,
        "farm_to_forest_area_ha": 0.0,
        "forest_to_farm_area_ha": 0.0
      },
      {
        "town_code": "500116004",
        "n_parcels_swappable": 73,
        "farmland_area_orig_ha": 6.219250056379131,
        "farmland_area_opt_ha": 6.219250056379131,
        "farmland_area_change_ha": 0.0,
        "slope_mean_orig_deg": 19.60465278507452,
        "slope_mean_opt_deg": 19.60465278507452,
        "slope_change_pct": 0.0,
        "farm_to_forest_count": 0,
        "forest_to_farm_count": 0,
        "farm_to_forest_area_ha": 0.0,
        "forest_to_farm_area_ha": 0.0
      },
      {
        "town_code": "500116101",
        "n_parcels_swappable": 24,
        "farmland_area_orig_ha": 3.9809487033528015,
        "farmland_area_opt_ha": 3.9809487033528015,
        "farmland_area_change_ha": 0.0,
        "slope_mean_orig_deg": 7.641721188382026,
        "slope_mean_opt_deg": 7.641721188382026,
        "slope_change_pct": 0.0,
        "farm_to_forest_count": 0,
        "forest_to_farm_count": 0,
        "farm_to_forest_area_ha": 0.0,
        "forest_to_farm_area_ha": 0.0
      },
      {
        "town_code": "500227001",
        "n_parcels_swappable": 3906,
        "farmland_area_orig_ha": 2801.926295184465,
        "farmland_area_opt_ha": 2804.214391484727,
        "farmland_area_change_ha": 2.2880963002621684,
        "slope_mean_orig_deg": 10.611900148363958,
        "slope_mean_opt_deg": 10.531225058210893,
        "slope_change_pct": -0.7602322772091157,
        "farm_to_forest_count": 35,
        "forest_to_farm_count": 35,
        "farm_to_forest_area_ha": 35.88011204569033,
        "forest_to_farm_area_ha": 38.1682083459529
      },
      {
        "town_code": "500227002",
        "n_parcels_swappable": 5415,
        "farmland_area_orig_ha": 4009.374573874344,
        "farmland_area_opt_ha": 4012.4330303569554,
        "farmland_area_change_ha": 3.058456482611291,
        "slope_mean_orig_deg": 7.608100310518289,
        "slope_mean_opt_deg": 7.565366125896095,
        "slope_change_pct": -0.5616932332386949,
        "farm_to_forest_count": 14,
        "forest_to_farm_count": 14,
        "farm_to_forest_area_ha": 19.992007314544843,
        "forest_to_farm_area_ha": 23.050463797156464
      },
      {
        "town_code": "500227100",
        "n_parcels_swappable": 2317,
        "farmland_area_orig_ha": 3166.380828044991,
        "farmland_area_opt_ha": 3167.534883083084,
        "farmland_area_change_ha": 1.1540550380927925,
        "slope_mean_orig_deg": 10.987891075124189,
        "slope_mean_opt_deg": 10.87569453725485,
        "slope_change_pct": -1.0210925563627429,
        "farm_to_forest_count": 29,
        "forest_to_farm_count": 29,
        "farm_to_forest_area_ha": 34.03536897308324,