{
  "preset_id": "bishan_clone",
  "seed": 2,
  "method": "GA",
  "n_blocks": 2600,
  "init_slope_deg": 9.704281309302088,
  "final_slope_deg": 9.700203244769982,
  "slope_pct": -0.04202335445693063,
  "init_contiguity": 3.797742704258285,
  "final_contiguity": 3.8228337605108145,
  "cont_delta": 0.025091056252529498,
  "cont_pct": 0.6606834148697692,
  "init_baimu_count": 135,
  "final_baimu_count": 134,
  "baimu_count_delta": -1,
  "init_baimu_area_ha": 54542.6384857549,
  "final_baimu_area_ha": 54659.06724411421,
  "baimu_area_delta_ha": 116.42875835931301,
  "total_reward": 3.8810998309362303,
  "wall_seconds": 61.45568251609802,
  "exchange_pairs_used": 100,
  "extra": {
    "pop_size": 100,
    "generations": 500,
    "best_fitness": 3.8810998309362303,
    "ga_elapsed_seconds": 61.44893980026245,
    "ga_final_avg_slope": 9.700203244769982,
    "ga_final_contiguity": 3.8228337605108145
  }
}