{
  "total_reward": 228.76197678669246,
  "n_selected": 50,
  "n_committed": 50,
  "budget_used": 130218.25242831974,
  "cum_components": {
    "risk_index": 141.31777768509878,
    "water_priority": 87.10573679923645,
    "connectivity": 0.4035714285714286,
    "cost_penalty": -0.0651091262141599
  },
  "max_iters": 300,
  "wall_s": 1.0787692070007324
}