{
  "label": "synthetic-delayed-lam5",
  "n_blocks": 420,
  "members": [
    {
      "ndcg@1_mean": 0.8637063240387849,
      "ndcg@1_median": 1.0,
      "ndcg@1_std": 0.2179671663397056,
      "ndcg@5_mean": 0.9098614015284129,
      "ndcg@5_median": 0.9939185260627612,
      "ndcg@5_std": 0.14549168587872313,
      "ndcg@10_mean": 0.9324831224428103,
      "ndcg@10_median": 0.9955523714542553,
      "ndcg@10_std": 0.10810670897165085,
      "ndcg@50_mean": 0.9710611875939635,
      "ndcg@50_median": 0.9985345351427468,
      "ndcg@50_std": 0.04716588687335923,
      "precision@1_mean": 0.508,
      "precision@1_median": 1.0,
      "precision@1_std": 0.49993599590347565,
      "precision@5_mean": 0.8080000000000002,
      "precision@5_median": 0.8,
      "precision@5_std": 0.16252999723128037,
      "precision@10_mean": 0.8888000000000001,
      "precision@10_median": 0.9,
      "precision@10_std": 0.07845100381766952,
      "precision@50_mean": 1.0,
      "precision@50_median": 1.0,
      "precision@50_std": 0.0,
      "regret@1_mean": 0.20889871692657472,
      "regret@1_median": 0.0,
      "regret@1_std": 0.3009897087647828,
      "regret@5_mean": 0.13984010821580886,
      "regret@5_median": 0.020389676094055176,
      "regret@5_std": 0.21791925034746298,
      "regret@10_mean": 0.10165645229816436,
      "regret@10_median": 0.014746397733688354,
      "regret@10_std": 0.16777958507694865,
      "regret@50_mean": 0.11183333325386047,
      "regret@50_median": 0.0,
      "regret@50_std": 0.4076613177194931,
      "spearman_mean": 0.958154237695078,
      "spearman_median": 0.9736854741896759,
      "spearman_std": 0.04181317590444581,
      "kendall_mean": 0.8655183673469387,
      "kendall_median": 0.8742857142857143,
      "kendall_std": 0.03797521188925945,
      "pairwise_acc": [],
      "pred_reward_std_mean": 10.402261158943176,
      "pred_reward_std_median": 10.423879623413086,
      "pred_reward_std_std": 0.9970493117250747,
      "pairwise_acc_total": 0.9327591836734694,
      "pairwise_acc_n_pairs": 1225000
    },
    {
      "ndcg@1_mean": 0.8613453322908096,
      "ndcg@1_median": 0.999296403497391,
      "ndcg@1_std": 0.21874619108257268,
      "ndcg@5_mean": 0.9069393508980665,
      "ndcg@5_median": 0.9891609920677148,
      "ndcg@5_std": 0.1435771178922221,
      "ndcg@10_mean": 0.9301889328679278,
      "ndcg@10_median": 0.9924738231274932,
      "ndcg@10_std": 0.10845781256723577,
      "ndcg@50_mean": 0.9702576721473261,
      "ndcg@50_median": 0.9974130141103082,
      "ndcg@50_std": 0.04721572479851006,
      "precision@1_mean": 0.486,
      "precision@1_median": 0.0,
      "precision@1_std": 0.4998039615689336,
      "precision@5_mean": 0.7622000000000001,
      "precision@5_median": 0.8,
      "precision@5_std": 0.17009162236865163,
      "precision@10_mean": 0.8635000000000003,
      "precision@10_median": 0.9,
      "precision@10_std": 0.08624239096871096,
      "precision@50_mean": 1.0,
      "precision@50_median": 1.0,
      "precision@50_std": 0.0,
      "regret@1_mean": 0.2135558624267578,
      "regret@1_median": 0.003327786922454834,
      "regret@1_std": 0.3017723962580623,
      "regret@5_mean": 0.15022725313901902,
      "regret@5_median": 0.04179269075393677,
      "regret@5_std": 0.21165571458715363,
      "regret@10_mean": 0.10839260357618331,
      "regret@10_median": 0.023404479026794434,
      "regret@10_std": 0.16980513772027425,
      "regret@50_mean": 0.07833333325386048,
      "regret@50_median": 0.0,
      "regret@50_std": 0.40100914365236384,
      "spearman_mean": 0.9509242737094837,
      "spearman_median": 0.9656662665066026,
      "spearman_std": 0.042357599654406414,
      "kendall_mean": 0.845105306122449,
      "kendall_median": 0.8530612244897959,
      "kendall_std": 0.039383398164439275,
      "pairwise_acc": [],
      "pred_reward_std_mean": 10.807241723060608,
      "pred_reward_std_median": 10.824785232543945,
      "pred_reward_std_std": 0.9943046369457795,
      "pairwise_acc_total": 0.9225526530612245,
      "pairwise_acc_n_pairs": 1225000
    },
    {
      "ndcg@1_mean": 0.8623696621667875,
      "ndcg@1_median": 1.0,
      "ndcg@1_std": 0.21870718982262333,
      "ndcg@5_mean": 0.9093900514488804,
      "ndcg@5_median": 0.9927361800519722,
      "ndcg@5_std": 0.14392009432940314,
      "ndcg@10_mean": 0.9315862433221214,
      "ndcg@10_median": 0.9938680848792788,
      "ndcg@10_std": 0.10742718646136593,
      "ndcg@50_mean": 0.9707522083258623,
      "ndcg@50_median": 0.9981263067658808,
      "ndcg@50_std": 0.047188861424137654,
      "precision@1_mean": 0.527,
      "precision@1_median": 1.0,
      "precision@1_std": 0.49927046778274403,
      "precision@5_mean": 0.7978000000000002,
      "precision@5_median": 0.8,
      "precision@5_std": 0.15910738512086733,
      "precision@10_mean": 0.8767000000000001,
      "precision@10_median": 0.9,
      "precision@10_std": 0.08250521195657884,
      "precision@50_mean": 1.0,
      "precision@50_median": 1.0,
      "precision@50_std": 0.0,
      "regret@1_mean": 0.21092279398441316,
      "regret@1_median": 0.0,
      "regret@1_std": 0.30235309811463157,
      "regret@5_mean": 0.14138617151975633,
      "regret@5_median": 0.025642693042755127,
      "regret@5_std": 0.2142770516873891,
      "regret@10_mean": 0.10486767268180847,
      "regret@10_median": 0.019989043474197388,
      "regret@10_std": 0.16631244905890644,
      "regret@50_mean": 0.0761666665673256,
      "regret@50_median": 0.0,
      "regret@50_std": 0.3555961737488363,
      "spearman_mean": 0.9580988235294117,
      "spearman_median": 0.9735414165666265,
      "spearman_std": 0.04190298702071606,
      "kendall_mean": 0.8655902040816327,
      "kendall_median": 0.8742857142857143,
      "kendall_std": 0.03843376704990003,
      "pairwise_acc": [],
      "pred_reward_std_mean": 10.06748004102707,
      "pred_reward_std_median": 10.038220882415771,
      "pred_reward_std_std": 0.9344269660415107,
      "pairwise_acc_total": 0.9327951020408163,
      "pairwise_acc_n_pairs": 1225000
    }
  ],
  "ensemble_mean": {
    "ndcg@1_mean": 0.8624737728321272,
    "ndcg@5_mean": 0.9087302679584534,
    "ndcg@10_mean": 0.9314194328776199,
    "ndcg@50_mean": 0.970690356022384,
    "precision@1_mean": 0.507,
    "precision@5_mean": 0.7893333333333334,
    "precision@10_mean": 0.8763333333333335,
    "precision@50_mean": 1.0,
    "regret@1_mean": 0.2111257911125819,
    "regret@5_mean": 0.14381784429152808,
    "regret@10_mean": 0.10497224285205205,
    "regret@50_mean": 0.0887777776916822,
    "spearman_mean": 0.9557257783113245,
    "kendall_mean": 0.8587379591836735,
    "pred_reward_std_mean": 10.425660974343616,
    "pairwise_acc_total": 0.9293689795918367
  }
}