{
  "label": "synthetic-delayed-lam0",
  "n_blocks": 420,
  "members": [
    {
      "ndcg@1_mean": 0.8523586495630413,
      "ndcg@1_median": 0.9758283217581436,
      "ndcg@1_std": 0.21758976185168458,
      "ndcg@5_mean": 0.9044477921361838,
      "ndcg@5_median": 0.9860916021677409,
      "ndcg@5_std": 0.14544689025211993,
      "ndcg@10_mean": 0.9277063170802148,
      "ndcg@10_median": 0.9893074057123818,
      "ndcg@10_std": 0.1083929582297745,
      "ndcg@50_mean": 0.9692555517156292,
      "ndcg@50_median": 0.9961656379317168,
      "ndcg@50_std": 0.04746360899954377,
      "precision@1_mean": 0.395,
      "precision@1_median": 0.0,
      "precision@1_std": 0.4888506929523574,
      "precision@5_mean": 0.7592000000000001,
      "precision@5_median": 0.8,
      "precision@5_std": 0.17232341686491712,
      "precision@10_mean": 0.8453,
      "precision@10_median": 0.9,
      "precision@10_std": 0.08864485320648911,
      "precision@50_mean": 1.0,
      "precision@50_median": 1.0,
      "precision@50_std": 0.0,
      "regret@1_mean": 0.24399794632196425,
      "regret@1_median": 0.09039169549942017,
      "regret@1_std": 0.2993008476714522,
      "regret@5_mean": 0.15155754232406615,
      "regret@5_median": 0.039103925228118896,
      "regret@5_std": 0.21684497099616584,
      "regret@10_mean": 0.11540258067846298,
      "regret@10_median": 0.032648831605911255,
      "regret@10_std": 0.16704317221352902,
      "regret@50_mean": 0.11199999988079071,
      "regret@50_median": 0.0,
      "regret@50_std": 0.3975765473532854,
      "spearman_mean": 0.9355000240096037,
      "spearman_median": 0.9500120048019207,
      "spearman_std": 0.04376894561011935,
      "kendall_mean": 0.8088979591836735,
      "kendall_median": 0.8155102040816327,
      "kendall_std": 0.041203178973444526,
      "pairwise_acc": [],
      "pred_reward_std_mean": 10.561626816272735,
      "pred_reward_std_median": 10.586891174316406,
      "pred_reward_std_std": 0.9868104265345244,
      "pairwise_acc_total": 0.9044489795918368,
      "pairwise_acc_n_pairs": 1225000
    },
    {
      "ndcg@1_mean": 0.8464089215754735,
      "ndcg@1_median": 0.9669743541164333,
      "ndcg@1_std": 0.21946424489083463,
      "ndcg@5_mean": 0.8976725797967078,
      "ndcg@5_median": 0.9770081945788684,
      "ndcg@5_std": 0.14402081599498362,
      "ndcg@10_mean": 0.923484426191892,
      "ndcg@10_median": 0.9845918540940759,
      "ndcg@10_std": 0.10882710578459227,
      "ndcg@50_mean": 0.9676231642653579,
      "ndcg@50_median": 0.9944570306327976,
      "ndcg@50_std": 0.047670561974827365,
      "precision@1_mean": 0.373,
      "precision@1_median": 0.0,
      "precision@1_std": 0.483602109176542,
      "precision@5_mean": 0.6982,
      "precision@5_median": 0.8,
      "precision@5_std": 0.16922399357065182,
      "precision@10_mean": 0.8238000000000002,
      "precision@10_median": 0.8,
      "precision@10_std": 0.09040774303122494,
      "precision@50_mean": 1.0,
      "precision@50_median": 1.0,
      "precision@50_std": 0.0,
      "regret@1_mean": 0.2570154940485954,
      "regret@1_median": 0.12827995419502258,
      "regret@1_std": 0.30009029293402606,
      "regret@5_mean": 0.17549607002735138,
      "regret@5_median": 0.0740368664264679,
      "regret@5_std": 0.21094274205746924,
      "regret@10_mean": 0.12561338537931444,
      "regret@10_median": 0.044028639793395996,
      "regret@10_std": 0.16857449547540582,
      "regret@50_mean": 0.09766666656732559,
      "regret@50_median": 0.0,
      "regret@50_std": 0.39779265946807807,
      "spearman_mean": 0.9200464825930371,
      "spearman_median": 0.9338775510204081,
      "spearman_std": 0.04533294818444293,
      "kendall_mean": 0.7805975510204081,
      "kendall_median": 0.7877551020408163,
      "kendall_std": 0.04337779889222935,
      "pairwise_acc": [],
      "pred_reward_std_mean": 10.91210387134552,
      "pred_reward_std_median": 10.919633865356445,
      "pred_reward_std_std": 1.019439509624214,
      "pairwise_acc_total": 0.8902987755102041,
      "pairwise_acc_n_pairs": 1225000
    },
    {
      "ndcg@1_mean": 0.852318510850363,
      "ndcg@1_median": 0.9834109610621931,
      "ndcg@1_std": 0.2202064157700186,
      "ndcg@5_mean": 0.9042409453068445,
      "ndcg@5_median": 0.9867305755641482,
      "ndcg@5_std": 0.14481447014801574,
      "ndcg@10_mean": 0.9268786685030186,
      "ndcg@10_median": 0.9889583269263386,
      "ndcg@10_std": 0.10829144740189234,
      "ndcg@50_mean": 0.9690417356459058,
      "ndcg@50_median": 0.9964365944827107,
      "ndcg@50_std": 0.04750707828811555,
      "precision@1_mean": 0.44,
      "precision@1_median": 0.0,
      "precision@1_std": 0.4963869458396343,
      "precision@5_mean": 0.76,
      "precision@5_median": 0.8,
      "precision@5_std": 0.16223439832538597,
      "precision@10_mean": 0.8387,
      "precision@10_median": 0.8,
      "precision@10_std": 0.09139097329605371,
      "precision@50_mean": 1.0,
      "precision@50_median": 1.0,
      "precision@50_std": 0.0,
      "regret@1_mean": 0.24164990270137787,
      "regret@1_median": 0.07114067673683167,
      "regret@1_std": 0.3030962082561078,
      "regret@5_mean": 0.1524190776348114,
      "regret@5_median": 0.04035085439682007,
      "regret@5_std": 0.2148107438117795,
      "regret@10_mean": 0.1189114533662796,
      "regret@10_median": 0.037831127643585205,
      "regret@10_std": 0.16697912311554988,
      "regret@50_mean": 0.0936666665673256,
      "regret@50_median": 0.0,
      "regret@50_std": 0.3626352620184982,
      "spearman_mean": 0.9387283553421367,
      "spearman_median": 0.9527490996398559,
      "spearman_std": 0.04359811135562268,
      "kendall_mean": 0.8164767346938775,
      "kendall_median": 0.8236734693877551,
      "kendall_std": 0.041349772403254124,
      "pairwise_acc": [],
      "pred_reward_std_mean": 10.497094781398774,
      "pred_reward_std_median": 10.452417850494385,
      "pred_reward_std_std": 0.9625557739892349,
      "pairwise_acc_total": 0.9082383673469387,
      "pairwise_acc_n_pairs": 1225000
    }
  ],
  "ensemble_mean": {
    "ndcg@1_mean": 0.8503620273296258,
    "ndcg@5_mean": 0.902120439079912,
    "ndcg@10_mean": 0.9260231372583752,
    "ndcg@50_mean": 0.9686401505422976,
    "precision@1_mean": 0.4026666666666667,
    "precision@5_mean": 0.7391333333333335,
    "precision@10_mean": 0.8359333333333335,
    "precision@50_mean": 1.0,
    "regret@1_mean": 0.24755444769064586,
    "regret@5_mean": 0.15982422999540966,
    "regret@10_mean": 0.11997580647468568,
    "regret@50_mean": 0.1011111110051473,
    "spearman_mean": 0.9314249539815925,
    "kendall_mean": 0.8019907482993197,
    "pred_reward_std_mean": 10.656941823005676,
    "pairwise_acc_total": 0.90099537414966
  }
}