{
  "case": "synthetic",
  "wall_budget_s": 30.0,
  "sweep": {
    "0.0000": {
      "sa": {
        "best": 8546.458677061128,
        "n_iter": 10556,
        "wall_s": 30.001930952072144
      },
      "mpc": {
        "best": 7047.6019866879815,
        "n_eps": 17,
        "wall_s": 31.479310750961304
      },
      "delay_s": 0.0
    },
    "0.0010": {
      "sa": {
        "best": 7716.093384730052,
        "n_iter": 336,
        "wall_s": 30.066817045211792
      },
      "mpc": {
        "best": 7047.6019866879815,
        "n_eps": 15,
        "wall_s": 30.20010495185852
      },
      "delay_s": 0.001
    },
    "0.0100": {
      "sa": {
        "best": 7124.859585613716,
        "n_iter": 41,
        "wall_s": 30.552387237548828
      },
      "mpc": {
        "best": 7047.6019866879815,
        "n_eps": 12,
        "wall_s": 31.20691704750061
      },
      "delay_s": 0.01
    },
    "0.0500": {
      "sa": {
        "best": 7124.859585613716,
        "n_iter": 10,
        "wall_s": 32.763631105422974
      },
      "mpc": {
        "best": 7047.6019866879815,
        "n_eps": 8,
        "wall_s": 33.855584144592285
      },
      "delay_s": 0.05
    },
    "0.1000": {
      "sa": {
        "best": 7124.859585613716,
        "n_iter": 5,
        "wall_s": 31.413116931915283
      },
      "mpc": {
        "best": 7047.6019866879815,
        "n_eps": 5,
        "wall_s": 34.57320809364319
      },
      "delay_s": 0.1
    }
  }
}