{
  "preset_id": "hilly_small_cons",
  "seed": 2,
  "method": "Random-Block",
  "n_blocks": 800,
  "init_slope_deg": 7.036280238405208,
  "final_slope_deg": 7.0315467033164305,
  "slope_pct": -0.06727325985314189,
  "init_contiguity": 3.72367849384504,
  "final_contiguity": 3.728312816799421,
  "cont_delta": 0.004634322954380821,
  "cont_pct": 0.12445550682196266,
  "init_baimu_count": 70,
  "final_baimu_count": 69,
  "baimu_count_delta": -1,
  "init_baimu_area_ha": 19458.897199158186,
  "final_baimu_area_ha": 19477.88513930903,
  "baimu_area_delta_ha": 18.987940150845052,
  "total_reward": 0.0,
  "wall_seconds": 0.06857728958129883,
  "exchange_pairs_used": 100,
  "extra": {
    "baseline_returned": {
      "slope_change_pct": -0.06727325975753276,
      "cont_change": 0.004634322954380821,
      "baimu_count_change": -1.0,
      "baimu_area_change_ha": 18.987940150845052,
      "completed_swaps": 23.0,
      "elapsed": 0.0,
      "initial_slope": 7.036280238405208,
      "final_slope": 7.0315467033164305,
      "initial_cont": 3.72367849384504,
      "final_cont": 3.728312816799421,
      "initial_baimu_count": 70.0,
      "final_baimu_count": 69.0,
      "seed": 2.0
    }
  }
}