{
  "preset_id": "hilly_small_cons",
  "seed": 3,
  "method": "Random-Block",
  "n_blocks": 800,
  "init_slope_deg": 6.936170109681127,
  "final_slope_deg": 6.929001582680502,
  "slope_pct": -0.1033499306860999,
  "init_contiguity": 3.7444507683551507,
  "final_contiguity": 3.7504268639726805,
  "cont_delta": 0.005976095617529875,
  "cont_pct": 0.15959872278398685,
  "init_baimu_count": 36,
  "final_baimu_count": 35,
  "baimu_count_delta": -1,
  "init_baimu_area_ha": 20062.098653924804,
  "final_baimu_area_ha": 20088.36021024199,
  "baimu_area_delta_ha": 26.261556317183377,
  "total_reward": 0.0,
  "wall_seconds": 0.08054614067077637,
  "exchange_pairs_used": 100,
  "extra": {
    "baseline_returned": {
      "slope_change_pct": -0.10334993053709847,
      "cont_change": 0.005976095617529875,
      "baimu_count_change": -1.0,
      "baimu_area_change_ha": 26.261556317183377,
      "completed_swaps": 28.0,
      "elapsed": 0.0024933815002441406,
      "initial_slope": 6.936170109681127,
      "final_slope": 6.929001582680502,
      "initial_cont": 3.7444507683551507,
      "final_cont": 3.7504268639726805,
      "initial_baimu_count": 36.0,
      "final_baimu_count": 35.0,
      "seed": 3.0
    }
  }
}