{
  "preset_id": "hilly_small_cons",
  "seed": 4,
  "method": "Random-Block",
  "n_blocks": 800,
  "init_slope_deg": 7.292332722216451,
  "final_slope_deg": 7.283451055755119,
  "slope_pct": -0.12179458617231773,
  "init_contiguity": 3.7049802833357677,
  "final_contiguity": 3.7111143566525486,
  "cont_delta": 0.0061340733167809525,
  "cont_pct": 0.16556291346041568,
  "init_baimu_count": 50,
  "final_baimu_count": 50,
  "baimu_count_delta": 0,
  "init_baimu_area_ha": 18653.564658375228,
  "final_baimu_area_ha": 18693.34000126991,
  "baimu_area_delta_ha": 39.77534289468229,
  "total_reward": 0.0,
  "wall_seconds": 0.06514215469360352,
  "exchange_pairs_used": 100,
  "extra": {
    "baseline_returned": {
      "slope_change_pct": -0.12179458600530041,
      "cont_change": 0.0061340733167809525,
      "baimu_count_change": 0.0,
      "baimu_area_change_ha": 39.77534289468229,
      "completed_swaps": 30.0,
      "elapsed": 0.0012602806091308594,
      "initial_slope": 7.292332722216451,
      "final_slope": 7.283451055755119,
      "initial_cont": 3.7049802833357677,
      "final_cont": 3.7111143566525486,
      "initial_baimu_count": 50.0,
      "final_baimu_count": 50.0,
      "seed": 4.0
    }
  }
}