{
  "total_reward": 3439.176611615529,
  "n_selected": 60,
  "n_committed": 60,
  "budget_used": 42044.73169999999,
  "cum_components": {
    "risk_reduction": 728.07325,
    "habitat_gain": 1713.4678899999997,
    "water_gain": 882.4380100000002,
    "connectivity": 115.29,
    "cost_penalty": -0.0925383844713239
  },
  "max_iters": 200,
  "wall_s": 0.5671181678771973
}