{
  "preset_id": "neijiang_clone",
  "seed": 3,
  "method": "Random-Block",
  "n_blocks": 3700,
  "init_slope_deg": 12.024912883958063,
  "final_slope_deg": 12.023815162053126,
  "slope_pct": -0.009128730623917558,
  "init_contiguity": 3.7774184141459664,
  "final_contiguity": 3.778425810556454,
  "cont_delta": 0.0010073964104875266,
  "cont_pct": 0.02666891239922112,
  "init_baimu_count": 252,
  "final_baimu_count": 251,
  "baimu_count_delta": -1,
  "init_baimu_area_ha": 87080.43895471763,
  "final_baimu_area_ha": 87083.56512441707,
  "baimu_area_delta_ha": 3.1261696994423867,
  "total_reward": 0.0,
  "wall_seconds": 0.48407912254333496,
  "exchange_pairs_used": 100,
  "extra": {
    "baseline_returned": {
      "slope_change_pct": -0.009128730616326042,
      "cont_change": 0.0010073964104875266,
      "baimu_count_change": -1.0,
      "baimu_area_change_ha": 3.1261696994423867,
      "completed_swaps": 40.0,
      "elapsed": 0.0,
      "initial_slope": 12.024912883958063,
      "final_slope": 12.023815162053126,
      "initial_cont": 3.7774184141459664,
      "final_cont": 3.778425810556454,
      "initial_baimu_count": 252.0,
      "final_baimu_count": 251.0,
      "seed": 3.0
    }
  }
}