{
  "preset_id": "bishan_clone",
  "seed": 3,
  "method": "Contrastive-MPC",
  "n_blocks": 2600,
  "init_slope_deg": 9.310809377106006,
  "final_slope_deg": 9.303073037890167,
  "slope_pct": -0.08308986794275403,
  "init_contiguity": 3.800924056878841,
  "final_contiguity": 3.803884627461535,
  "cont_delta": 0.0029605705826942774,
  "cont_pct": 0.07789081103967893,
  "init_baimu_count": 138,
  "final_baimu_count": 145,
  "baimu_count_delta": 7,
  "init_baimu_area_ha": 54613.493930501056,
  "final_baimu_area_ha": 54837.44042545506,
  "baimu_area_delta_ha": 223.9464949540019,
  "total_reward": 64.36348620190547,
  "wall_seconds": 13350.392320156097,
  "exchange_pairs_used": 43,
  "extra": {
    "n_models": 5,
    "epochs": 30,
    "horizon": 5,
    "top_k": 50,
    "lambda_rank": 5.0,
    "n_states": 1000,
    "n_actions": 50,
    "device": "cpu",
    "data_wall_seconds": 10464.969262123108,
    "train_wall_seconds": 2138.541745662689,
    "eval_wall_seconds": 746.8813123703003
  }
}