{
  "preset_id": "bishan_clone",
  "seed": 2,
  "method": "Contrastive-MPC",
  "n_blocks": 2600,
  "init_slope_deg": 9.704281309302088,
  "final_slope_deg": 9.69714082498715,
  "slope_pct": -0.07358076386443509,
  "init_contiguity": 3.797742704258285,
  "final_contiguity": 3.801519852511354,
  "cont_delta": 0.0037771482530688516,
  "cont_pct": 0.09945771836748936,
  "init_baimu_count": 135,
  "final_baimu_count": 144,
  "baimu_count_delta": 9,
  "init_baimu_area_ha": 54542.6384857549,
  "final_baimu_area_ha": 54732.867833366035,
  "baimu_area_delta_ha": 190.2293476111412,
  "total_reward": 63.44925723072773,
  "wall_seconds": 20317.6695728302,
  "exchange_pairs_used": 38,
  "extra": {
    "n_models": 5,
    "epochs": 30,
    "horizon": 5,
    "top_k": 50,
    "lambda_rank": 5.0,
    "n_states": 1000,
    "n_actions": 50,
    "device": "cpu",
    "data_wall_seconds": 11543.112144470215,
    "train_wall_seconds": 6422.957133769989,
    "eval_wall_seconds": 2351.6002945899963
  }
}