{
  "preset_id": "bishan_clone",
  "seed": 4,
  "method": "Contrastive-MPC",
  "n_blocks": 2600,
  "init_slope_deg": 9.62048652905396,
  "final_slope_deg": 9.611294402152497,
  "slope_pct": -0.09554742240636174,
  "init_contiguity": 3.7926840095889194,
  "final_contiguity": 3.794814880582438,
  "cont_delta": 0.0021308709935188297,
  "cont_pct": 0.05618372061877673,
  "init_baimu_count": 128,
  "final_baimu_count": 141,
  "baimu_count_delta": 13,
  "init_baimu_area_ha": 53559.23064510397,
  "final_baimu_area_ha": 53704.30994432242,
  "baimu_area_delta_ha": 145.07929921845198,
  "total_reward": 72.68249339250063,
  "wall_seconds": 14700.778136253357,
  "exchange_pairs_used": 47,
  "extra": {
    "n_models": 5,
    "epochs": 30,
    "horizon": 5,
    "top_k": 50,
    "lambda_rank": 5.0,
    "n_states": 1000,
    "n_actions": 50,
    "device": "cpu",
    "data_wall_seconds": 8240.384191513062,
    "train_wall_seconds": 4816.586040973663,
    "eval_wall_seconds": 1643.807903766632
  }
}