{
  "preset_id": "bishan_clone",
  "seed": 0,
  "method": "Contrastive-MPC",
  "n_blocks": 2600,
  "init_slope_deg": 9.492293146090816,
  "final_slope_deg": 9.484370336667924,
  "slope_pct": -0.08346570529329742,
  "init_contiguity": 3.8058573664207467,
  "final_contiguity": 3.8104180639391907,
  "cont_delta": 0.004560697518444012,
  "cont_pct": 0.11983364239290444,
  "init_baimu_count": 120,
  "final_baimu_count": 128,
  "baimu_count_delta": 8,
  "init_baimu_area_ha": 56010.73837390824,
  "final_baimu_area_ha": 56162.99842157114,
  "baimu_area_delta_ha": 152.26004766288995,
  "total_reward": 52.83963811579329,
  "wall_seconds": 19915.174093723297,
  "exchange_pairs_used": 52,
  "extra": {
    "n_models": 5,
    "epochs": 30,
    "horizon": 5,
    "top_k": 50,
    "lambda_rank": 5.0,
    "n_states": 1000,
    "n_actions": 50,
    "device": "cpu",
    "data_wall_seconds": 11300.566003084183,
    "train_wall_seconds": 6290.238959312439,
    "eval_wall_seconds": 2324.3691313266754
  }
}