{
  "preset_id": "bishan_clone",
  "seed": 1,
  "method": "Contrastive-MPC",
  "n_blocks": 2600,
  "init_slope_deg": 9.320454056626165,
  "final_slope_deg": 9.310136075963547,
  "slope_pct": -0.11070255375898795,
  "init_contiguity": 3.7867224720601986,
  "final_contiguity": 3.7894830580168306,
  "cont_delta": 0.002760585956631978,
  "cont_pct": 0.0729017235804948,
  "init_baimu_count": 121,
  "final_baimu_count": 130,
  "baimu_count_delta": 9,
  "init_baimu_area_ha": 53039.923098865846,
  "final_baimu_area_ha": 53216.04135584989,
  "baimu_area_delta_ha": 176.11825698404311,
  "total_reward": 74.31339900596738,
  "wall_seconds": 11923.999747514725,
  "exchange_pairs_used": 45,
  "extra": {
    "n_models": 5,
    "epochs": 30,
    "horizon": 5,
    "top_k": 50,
    "lambda_rank": 5.0,
    "n_states": 1000,
    "n_actions": 50,
    "device": "cpu",
    "data_wall_seconds": 6969.057255268097,
    "train_wall_seconds": 3611.0887236595154,
    "eval_wall_seconds": 1343.8537685871124
  }
}