{
  "preset_id": "plain_medium_frag",
  "seed": 1,
  "method": "GA",
  "n_blocks": 2600,
  "init_slope_deg": 0.7002514392972453,
  "final_slope_deg": 0.6957571650941347,
  "slope_pct": -0.6418086348556455,
  "init_contiguity": 4.0956959899223175,
  "final_contiguity": 4.096493806424522,
  "cont_delta": 0.0007978165022048955,
  "cont_pct": 0.019479387684535856,
  "init_baimu_count": 49,
  "final_baimu_count": 51,
  "baimu_count_delta": 2,
  "init_baimu_area_ha": 80156.03098459286,
  "final_baimu_area_ha": 80178.49187042283,
  "baimu_area_delta_ha": 22.460885829973222,
  "total_reward": 6.698051782896157,
  "wall_seconds": 112.33964204788208,
  "exchange_pairs_used": 100,
  "extra": {
    "pop_size": 100,
    "generations": 500,
    "best_fitness": 6.698051782896157,
    "ga_elapsed_seconds": 112.33297204971313,
    "ga_final_avg_slope": 0.6957571650941347,
    "ga_final_contiguity": 4.096493806424522
  }
}