{
  "preset_id": "plain_medium_frag",
  "seed": 1,
  "method": "GA",
  "n_blocks": 2600,
  "init_slope_deg": 0.7002514392971161,
  "final_slope_deg": 0.6953605448424277,
  "slope_pct": -0.6984483258752967,
  "init_contiguity": 4.0966197774511866,
  "final_contiguity": 4.097417593953391,
  "cont_delta": 0.0007978165022040073,
  "cont_pct": 0.01947499508370018,
  "init_baimu_count": 47,
  "final_baimu_count": 48,
  "baimu_count_delta": 1,
  "init_baimu_area_ha": 80157.59307373148,
  "final_baimu_area_ha": 80173.54619250065,
  "baimu_area_delta_ha": 15.953118769168853,
  "total_reward": 6.826762166512101,
  "wall_seconds": 72.26917219161987,
  "exchange_pairs_used": 100,
  "extra": {
    "pop_size": 100,
    "generations": 500,
    "best_fitness": 6.826762166512101,
    "ga_elapsed_seconds": 72.26917219161987,
    "ga_final_avg_slope": 0.6953605448424277,
    "ga_final_contiguity": 4.097417593953391
  }
}