{
  "case": "buchanan",
  "results": {
    "greedy": {
      "total_reward": 229.66125394836183,
      "n_selected": 50,
      "n_committed": 50,
      "budget_used": 131663.92908949632,
      "cum_components": {
        "risk_index": 142.21777768509878,
        "water_priority": 87.10573679923647,
        "connectivity": 0.4035714285714286,
        "cost_penalty": -0.06583196454474824
      }
    },
    "sa": {
      "total_reward": 229.73365370086603,
      "n_selected": 50,
      "n_committed": 50,
      "budget_used": 131663.92908949632,
      "cum_components": {
        "risk_index": 142.4228299017041,
        "water_priority": 86.97308433513527,
        "connectivity": 0.4035714285714286,
        "cost_penalty": -0.06583196454474816
      }
    },
    "nsga2": {
      "total_reward": 160.10284738801164,
      "n_selected": 50,
      "n_committed": 50,
      "budget_used": 105173.01466561145,
      "cum_components": {
        "risk_index": 97.61804726585035,
        "water_priority": 61.929529486636916,
        "connectivity": 0.607857142857143,
        "cost_penalty": -0.05258650733280569
      }
    },
    "milp": {
      "total_reward": 230.5575966491748,
      "n_selected": 50,
      "n_committed": 50,
      "budget_used": 131972.27478086052,
      "cum_components": {
        "risk_index": 142.47421646606767,
        "water_priority": 87.71722346335477,
        "connectivity": 0.43214285714285716,
        "cost_penalty": -0.06598613739043035
      }
    }
  },
  "timings_s": {
    "greedy": 0.02620387077331543,
    "sa": 1.0736429691314697,
    "nsga2": 4.757373094558716,
    "milp": 0.040162086486816406
  },
  "scenario_config": {
    "case_name": "buchanan",
    "feature_cols": [
      "row",
      "col",
      "area_ha",
      "aml_count",
      "severity_sum",
      "severity_mean",
      "unfunded_cost_sum",
      "dist_water_m",
      "water_km",
      "slope_deg_mean",
      "risk_index",
      "water_priority",
      "restoration_cost_proxy",
      "benefit_proxy",
      "priority_score",
      "candidate"
    ],
    "reward_terms": {
      "risk_index": 0.45,
      "water_priority": 0.25,
      "connectivity": 0.2,
      "cost_penalty": -0.1
    },
    "cost_col": "restoration_cost_proxy",
    "budget": 200000.0,
    "max_steps": 50,
    "n_units": 562,
    "n_candidates": 522,
    "n_edges": 2061,
    "reward_profile": "watershed",
    "reward_profile_params": {}
  }
}