{
  "case": "buchanan",
  "weights": {
    "risk_dominant": {
      "risk": 0.7,
      "water": 0.1,
      "conn": 0.1,
      "cost": -0.1
    },
    "water_dominant": {
      "risk": 0.1,
      "water": 0.7,
      "conn": 0.1,
      "cost": -0.1
    },
    "conn_dominant": {
      "risk": 0.1,
      "water": 0.1,
      "conn": 0.7,
      "cost": -0.1
    },
    "cost_dominant": {
      "risk": 0.2,
      "water": 0.2,
      "conn": 0.1,
      "cost": -0.5
    },
    "balanced": {
      "risk": 0.25,
      "water": 0.25,
      "conn": 0.25,
      "cost": -0.25
    },
    "default": {
      "risk": 0.45,
      "water": 0.25,
      "conn": 0.2,
      "cost": -0.1
    },
    "no_cost": {
      "risk": 0.45,
      "water": 0.25,
      "conn": 0.2,
      "cost": 0.0
    }
  },
  "results": {
    "risk_dominant": {
      "total_reward": 254.80590264625576,
      "n_committed": 50,
      "n_selected": 50,
      "budget_used": 131663.92908949632,
      "cum_components": {
        "risk_index": 219.82765417682026,
        "water_priority": 34.84229471969458,
        "connectivity": 0.2017857142857143,
        "cost_penalty": -0.06583196454474824
      }
    },
    "water_dominant": {
      "total_reward": 275.43596738429164,
      "n_committed": 50,
      "n_selected": 50,
      "budget_used": 131663.92908949632,
      "cum_components": {
        "risk_index": 31.40395059668862,
        "water_priority": 243.8960630378621,
        "connectivity": 0.2017857142857143,
        "cost_penalty": -0.06583196454474824
      }
    },
    "conn_dominant": {
      "total_reward": 67.59291335183843,
      "n_committed": 50,
      "n_selected": 50,
      "budget_used": 131663.92908949632,
      "cum_components": {
        "risk_index": 31.40395059668862,
        "water_priority": 34.84229471969458,
        "connectivity": 1.4125,
        "cost_penalty": -0.06583196454474824
      }
    },
    "cost_dominant": {
      "total_reward": 132.36511652432836,
      "n_committed": 50,
      "n_selected": 50,
      "budget_used": 131663.92908949632,
      "cum_components": {
        "risk_index": 62.80790119337724,
        "water_priority": 69.68458943938916,
        "connectivity": 0.2017857142857143,
        "cost_penalty": -0.3291598227237408
      }
    },
    "balanced": {
      "total_reward": 165.95549766531045,
      "n_committed": 50,
      "n_selected": 50,
      "budget_used": 131663.92908949632,
      "cum_components": {
        "risk_index": 78.50987649172156,
        "water_priority": 87.10573679923647,
        "connectivity": 0.5044642857142857,
        "cost_penalty": -0.1645799113618704
      }
    },
    "default": {
      "total_reward": 228.76125394836188,
      "n_committed": 50,
      "n_selected": 50,
      "budget_used": 131663.92908949632,
      "cum_components": {
        "risk_index": 141.31777768509878,
        "water_priority": 87.10573679923647,
        "connectivity": 0.4035714285714286,
        "cost_penalty": -0.06583196454474824
      }
    },
    "no_cost": {
      "total_reward": 228.82708591290665,
      "n_committed": 50,
      "n_selected": 50,
      "budget_used": 131663.92908949632,
      "cum_components": {
        "risk_index": 141.31777768509878,
        "water_priority": 87.10573679923647,
        "connectivity": 0.4035714285714286,
        "cost_penalty": 0.0
      }
    }
  }
}