{
  "label": "buchanan-mse-only",
  "n_blocks": 562,
  "members": [
    {
      "ndcg@1_mean": 0.9990558258283005,
      "ndcg@1_median": 1.0,
      "ndcg@1_std": 0.004883178223318825,
      "ndcg@5_mean": 0.9991628696843384,
      "ndcg@5_median": 0.9998856280422397,
      "ndcg@5_std": 0.002390467558023889,
      "ndcg@10_mean": 0.9991997438376323,
      "ndcg@10_median": 0.9996883229913192,
      "ndcg@10_std": 0.001995718954576127,
      "ndcg@50_mean": 0.9997066410322141,
      "ndcg@50_median": 0.9998101913914175,
      "ndcg@50_std": 0.0005106467302547802,
      "precision@1_mean": 0.937,
      "precision@1_median": 1.0,
      "precision@1_std": 0.24296296014001803,
      "precision@5_mean": 0.9394000000000001,
      "precision@5_median": 1.0,
      "precision@5_std": 0.10142800402255778,
      "precision@10_mean": 0.9523000000000001,
      "precision@10_median": 1.0,
      "precision@10_std": 0.06336173924380548,
      "precision@50_mean": 1.0,
      "precision@50_median": 1.0,
      "precision@50_std": 0.0,
      "regret@1_mean": 0.002732053339481354,
      "regret@1_median": 0.0,
      "regret@1_std": 0.016313889303362687,
      "regret@5_mean": 0.0022771997451782227,
      "regret@5_median": 0.0,
      "regret@5_std": 0.011845510479995745,
      "regret@10_mean": 0.0025519447326660155,
      "regret@10_median": 0.0,
      "regret@10_std": 0.011335075449717364,
      "regret@50_mean": 0.074,
      "regret@50_median": 0.0,
      "regret@50_std": 0.32330171666726426,
      "spearman_mean": 0.9930173888495348,
      "spearman_median": 0.9942376950780313,
      "spearman_std": 0.010611647419820597,
      "kendall_mean": 0.9485722287686923,
      "kendall_median": 0.9510204081632653,
      "kendall_std": 0.020494577436520243,
      "pairwise_acc": [],
      "pred_reward_std_mean": 0.9112135097607971,
      "pred_reward_std_median": 0.47150829434394836,
      "pred_reward_std_std": 0.7896296504128074,
      "pairwise_acc_total": 0.9743315796529478,
      "pairwise_acc_n_pairs": 1223332
    },
    {
      "ndcg@1_mean": 0.9991078234236249,
      "ndcg@1_median": 1.0,
      "ndcg@1_std": 0.00847558014251353,
      "ndcg@5_mean": 0.9991860017945428,
      "ndcg@5_median": 0.9999716615555214,
      "ndcg@5_std": 0.007843257836489726,
      "ndcg@10_mean": 0.9991269528745284,
      "ndcg@10_median": 0.9997975784083546,
      "ndcg@10_std": 0.0077031741949894015,
      "ndcg@50_mean": 0.9996828090974081,
      "ndcg@50_median": 0.9998479603745634,
      "ndcg@50_std": 0.002251157715224905,
      "precision@1_mean": 0.942,
      "precision@1_median": 1.0,
      "precision@1_std": 0.23374344910606587,
      "precision@5_mean": 0.9494000000000001,
      "precision@5_median": 1.0,
      "precision@5_std": 0.09979799597186306,
      "precision@10_mean": 0.9553000000000001,
      "precision@10_median": 1.0,
      "precision@10_std": 0.06907901273179863,
      "precision@50_mean": 1.0,
      "precision@50_median": 1.0,
      "precision@50_std": 0.0,
      "regret@1_mean": 0.003868922293186188,
      "regret@1_median": 0.0,
      "regret@1_std": 0.06243607392376179,
      "regret@5_mean": 0.003628410339355469,
      "regret@5_median": 0.0,
      "regret@5_std": 0.06188755323380495,
      "regret@10_mean": 0.004191772818565369,
      "regret@10_median": 0.0,
      "regret@10_std": 0.06175104497054297,
      "regret@50_mean": 0.08,
      "regret@50_median": 0.0,
      "regret@50_std": 0.3340658617698013,
      "spearman_mean": 0.9898962294810856,
      "spearman_median": 0.9942857142857143,
      "spearman_std": 0.06751524525805007,
      "kendall_mean": 0.946010570009988,
      "kendall_median": 0.9526530612244898,
      "kendall_std": 0.0692792781527744,
      "pairwise_acc": [],
      "pred_reward_std_mean": 0.9032370063187555,
      "pred_reward_std_median": 0.47131937742233276,
      "pred_reward_std_std": 0.7765501888640449,
      "pairwise_acc_total": 0.9736097805011231,
      "pairwise_acc_n_pairs": 1223332
    },
    {
      "ndcg@1_mean": 0.9992331218113469,
      "ndcg@1_median": 1.0,
      "ndcg@1_std": 0.0041494492782070316,
      "ndcg@5_mean": 0.9993027561177489,
      "ndcg@5_median": 0.9999248998174193,
      "ndcg@5_std": 0.0019709837781170607,
      "ndcg@10_mean": 0.9993489755057258,
      "ndcg@10_median": 0.9997126605778621,
      "ndcg@10_std": 0.0009937083801320424,
      "ndcg@50_mean": 0.9997645492839309,
      "ndcg@50_median": 0.9998521630408133,
      "ndcg@50_std": 0.0003661729358669986,
      "precision@1_mean": 0.94,
      "precision@1_median": 1.0,
      "precision@1_std": 0.23748684174075838,
      "precision@5_mean": 0.9444000000000001,
      "precision@5_median": 1.0,
      "precision@5_std": 0.09689499471076923,
      "precision@10_mean": 0.9555000000000001,
      "precision@10_median": 1.0,
      "precision@10_std": 0.054495412650974566,
      "precision@50_mean": 1.0,
      "precision@50_median": 1.0,
      "precision@50_std": 0.0,
      "regret@1_mean": 0.0020122738480567934,
      "regret@1_median": 0.0,
      "regret@1_std": 0.011013082366066367,
      "regret@5_mean": 0.0017810838222503662,
      "regret@5_median": 0.0,
      "regret@5_std": 0.005840214803248335,
      "regret@10_mean": 0.001908587396144867,
      "regret@10_median": 0.0,
      "regret@10_std": 0.003966776849525413,
      "regret@50_mean": 0.0795,
      "regret@50_median": 0.0,
      "regret@50_std": 0.34558609636384385,
      "spearman_mean": 0.9940984448193939,
      "spearman_median": 0.9950060024009604,
      "spearman_std": 0.006615423313901339,
      "kendall_mean": 0.952897072549608,
      "kendall_median": 0.9542857142857143,
      "kendall_std": 0.017337842100482725,
      "pairwise_acc": [],
      "pred_reward_std_mean": 0.9093403457328677,
      "pred_reward_std_median": 0.4708772450685501,
      "pred_reward_std_std": 0.7879408839727609,
      "pairwise_acc_total": 0.9764863503938424,
      "pairwise_acc_n_pairs": 1223332
    }
  ],
  "ensemble_mean": {
    "ndcg@1_mean": 0.9991322570210909,
    "ndcg@5_mean": 0.9992172091988767,
    "ndcg@10_mean": 0.9992252240726288,
    "ndcg@50_mean": 0.9997179998045178,
    "precision@1_mean": 0.9396666666666667,
    "precision@5_mean": 0.9444000000000002,
    "precision@10_mean": 0.9543666666666669,
    "precision@50_mean": 1.0,
    "regret@1_mean": 0.002871083160241445,
    "regret@5_mean": 0.0025622313022613525,
    "regret@10_mean": 0.002884101649125417,
    "regret@50_mean": 0.07783333333333332,
    "spearman_mean": 0.9923373543833381,
    "kendall_mean": 0.9491599571094295,
    "pred_reward_std_mean": 0.9079302872708067,
    "pairwise_acc_total": 0.9748092368493045
  }
}