{
  "label": "buchanan-contrastive",
  "n_blocks": 562,
  "members": [
    {
      "ndcg@1_mean": 0.9981680110447065,
      "ndcg@1_median": 1.0,
      "ndcg@1_std": 0.011967676014827849,
      "ndcg@5_mean": 0.9990468401716532,
      "ndcg@5_median": 0.9998135212425123,
      "ndcg@5_std": 0.0025746998014581158,
      "ndcg@10_mean": 0.9992155767737211,
      "ndcg@10_median": 0.9996835283171371,
      "ndcg@10_std": 0.0019015791375707957,
      "ndcg@50_mean": 0.9996728057520142,
      "ndcg@50_median": 0.9998613897864852,
      "ndcg@50_std": 0.0011059298203256688,
      "precision@1_mean": 0.921,
      "precision@1_median": 1.0,
      "precision@1_std": 0.26973876250921,
      "precision@5_mean": 0.9352,
      "precision@5_median": 1.0,
      "precision@5_std": 0.09818839035242403,
      "precision@10_mean": 0.9559000000000001,
      "precision@10_median": 1.0,
      "precision@10_std": 0.05608199354516562,
      "precision@50_mean": 1.0,
      "precision@50_median": 1.0,
      "precision@50_std": 0.0,
      "regret@1_mean": 0.003612856030464172,
      "regret@1_median": 0.0,
      "regret@1_std": 0.01884219883500793,
      "regret@5_mean": 0.0018778994679450988,
      "regret@5_median": 0.0,
      "regret@5_std": 0.004634236376158632,
      "regret@10_mean": 0.0016980730295181273,
      "regret@10_median": 0.0,
      "regret@10_std": 0.0037871815366151904,
      "regret@50_mean": 0.0685,
      "regret@50_median": 0.0,
      "regret@50_std": 0.3362406132518795,
      "spearman_mean": 0.9954962147787522,
      "spearman_median": 0.9964465786314525,
      "spearman_std": 0.008273373586541195,
      "kendall_mean": 0.9615725208102954,
      "kendall_median": 0.9640816326530611,
      "kendall_std": 0.019169660166857797,
      "pairwise_acc": [],
      "pred_reward_std_mean": 1.0265579133555294,
      "pred_reward_std_median": 0.6667331457138062,
      "pred_reward_std_std": 0.6933621802849249,
      "pairwise_acc_total": 0.980847390569363,
      "pairwise_acc_n_pairs": 1223332
    },
    {
      "ndcg@1_mean": 0.9991428177777332,
      "ndcg@1_median": 1.0,
      "ndcg@1_std": 0.004766907986170219,
      "ndcg@5_mean": 0.9994382734286009,
      "ndcg@5_median": 0.999943733292346,
      "ndcg@5_std": 0.0014464460217556022,
      "ndcg@10_mean": 0.9995412412825506,
      "ndcg@10_median": 0.9998402143951544,
      "ndcg@10_std": 0.0008160263485422182,
      "ndcg@50_mean": 0.9998337859903711,
      "ndcg@50_median": 0.9999147527113006,
      "ndcg@50_std": 0.0003052539160513517,
      "precision@1_mean": 0.938,
      "precision@1_median": 1.0,
      "precision@1_std": 0.24115555146004825,
      "precision@5_mean": 0.9508000000000001,
      "precision@5_median": 1.0,
      "precision@5_std": 0.08932726347538021,
      "precision@10_mean": 0.9672000000000001,
      "precision@10_median": 1.0,
      "precision@10_std": 0.04964030620372923,
      "precision@50_mean": 1.0,
      "precision@50_median": 1.0,
      "precision@50_std": 0.0,
      "regret@1_mean": 0.0022754857540130615,
      "regret@1_median": 0.0,
      "regret@1_std": 0.012614584507244064,
      "regret@5_mean": 0.00123306143283844,
      "regret@5_median": 0.0,
      "regret@5_std": 0.0038612131202524925,
      "regret@10_mean": 0.0011193844079971313,
      "regret@10_median": 0.0,
      "regret@10_std": 0.003197743294328659,
      "regret@50_mean": 0.068,
      "regret@50_median": 0.0,
      "regret@50_std": 0.3136494858914964,
      "spearman_mean": 0.9967158773314122,
      "spearman_median": 0.997406962785114,
      "spearman_std": 0.0068694014483317006,
      "kendall_mean": 0.9694909949466776,
      "kendall_median": 0.970612244897959,
      "kendall_std": 0.01577383686263306,
      "pairwise_acc": [],
      "pred_reward_std_mean": 1.0367749700993298,
      "pred_reward_std_median": 0.6590334177017212,
      "pred_reward_std_std": 0.7382557123272303,
      "pairwise_acc_total": 0.9847931714366991,
      "pairwise_acc_n_pairs": 1223332
    },
    {
      "ndcg@1_mean": 0.9992202633961115,
      "ndcg@1_median": 1.0,
      "ndcg@1_std": 0.0048455888356327545,
      "ndcg@5_mean": 0.9993273613336776,
      "ndcg@5_median": 0.9999051617908199,
      "ndcg@5_std": 0.0015816431980624167,
      "ndcg@10_mean": 0.9995178435032985,
      "ndcg@10_median": 0.9998011463609444,
      "ndcg@10_std": 0.0008897451940984538,
      "ndcg@50_mean": 0.9998071399407757,
      "ndcg@50_median": 0.9998970389289383,
      "ndcg@50_std": 0.00044109818516051226,
      "precision@1_mean": 0.945,
      "precision@1_median": 1.0,
      "precision@1_std": 0.22798026230356,
      "precision@5_mean": 0.9442,
      "precision@5_median": 1.0,
      "precision@5_std": 0.09320064377460059,
      "precision@10_mean": 0.9653,
      "precision@10_median": 1.0,
      "precision@10_std": 0.05065481220970027,
      "precision@50_mean": 1.0,
      "precision@50_median": 1.0,
      "precision@50_std": 0.0,
      "regret@1_mean": 0.001888105034828186,
      "regret@1_median": 0.0,
      "regret@1_std": 0.011208666345638893,
      "regret@5_mean": 0.0016288190484046935,
      "regret@5_median": 0.0,
      "regret@5_std": 0.004477158510627108,
      "regret@10_mean": 0.0010789722204208375,
      "regret@10_median": 0.0,
      "regret@10_std": 0.002454367873855469,
      "regret@50_mean": 0.067,
      "regret@50_median": 0.0,
      "regret@50_std": 0.34930073003072865,
      "spearman_mean": 0.9964133904586968,
      "spearman_median": 0.9971188475390156,
      "spearman_std": 0.006110831193668379,
      "kendall_mean": 0.9672613546894306,
      "kendall_median": 0.9689795918367347,
      "kendall_std": 0.015112544581306953,
      "pairwise_acc": [],
      "pred_reward_std_mean": 1.0269692032784223,
      "pred_reward_std_median": 0.6548562943935394,
      "pred_reward_std_std": 0.7204516518038121,
      "pairwise_acc_total": 0.9836724617683507,
      "pairwise_acc_n_pairs": 1223332
    }
  ],
  "ensemble_mean": {
    "ndcg@1_mean": 0.9988436974061837,
    "ndcg@5_mean": 0.9992708249779773,
    "ndcg@10_mean": 0.9994248871865233,
    "ndcg@50_mean": 0.999771243894387,
    "precision@1_mean": 0.9346666666666666,
    "precision@5_mean": 0.9434,
    "precision@10_mean": 0.9628000000000001,
    "precision@50_mean": 1.0,
    "regret@1_mean": 0.0025921489397684734,
    "regret@5_mean": 0.0015799266497294108,
    "regret@10_mean": 0.0012988098859786988,
    "regret@50_mean": 0.06783333333333334,
    "spearman_mean": 0.9962084941896204,
    "kendall_mean": 0.9661082901488012,
    "pred_reward_std_mean": 1.0301006955777605,
    "pairwise_acc_total": 0.9831043412581376
  }
}