{
  "case": "buchanan",
  "wall_budget_s": 30.0,
  "sweep": {
    "0.0000": {
      "sa": {
        "best": 229.46288188741795,
        "n_iter": 6210,
        "wall_s": 30.00303626060486
      },
      "mpc": {
        "best": 227.73130690592916,
        "n_eps": 10,
        "wall_s": 35.08465909957886
      },
      "delay_s": 0.0
    },
    "0.0010": {
      "sa": {
        "best": 228.76125394836188,
        "n_iter": 354,
        "wall_s": 30.06839394569397
      },
      "mpc": {
        "best": 227.32549179605877,
        "n_eps": 7,
        "wall_s": 30.260250091552734
      },
      "delay_s": 0.001
    },
    "0.0100": {
      "sa": {
        "best": 228.76125394836188,
        "n_iter": 47,
        "wall_s": 30.206010103225708
      },
      "mpc": {
        "best": 227.32549179605877,
        "n_eps": 8,
        "wall_s": 30.3102068901062
      },
      "delay_s": 0.01
    },
    "0.0500": {
      "sa": {
        "best": 228.76125394836188,
        "n_iter": 11,
        "wall_s": 30.389612913131714
      },
      "mpc": {
        "best": 227.32549179605877,
        "n_eps": 7,
        "wall_s": 34.97039580345154
      },
      "delay_s": 0.05
    },
    "0.1000": {
      "sa": {
        "best": 228.76125394836188,
        "n_iter": 6,
        "wall_s": 31.47273898124695
      },
      "mpc": {
        "best": 227.32549179605877,
        "n_eps": 5,
        "wall_s": 36.720507860183716
      },
      "delay_s": 0.1
    }
  }
}