{
  "preset_id": "plain_medium_frag",
  "seed": 0,
  "method": "Contrastive-MPC",
  "n_blocks": 2600,
  "init_slope_deg": 0.7053883893110855,
  "final_slope_deg": 0.6996186625447222,
  "slope_pct": -0.8179503453407159,
  "init_contiguity": 4.107422120008363,
  "final_contiguity": 4.109471043278277,
  "cont_delta": 0.002048923269914127,
  "cont_pct": 0.04988343552382708,
  "init_baimu_count": 53,
  "final_baimu_count": 54,
  "baimu_count_delta": 1,
  "init_baimu_area_ha": 81028.82952502393,
  "final_baimu_area_ha": 81069.25247558401,
  "baimu_area_delta_ha": 40.42295056006908,
  "total_reward": 47.84082719508334,
  "wall_seconds": 20609.145047664642,
  "exchange_pairs_used": 50,
  "extra": {
    "n_models": 5,
    "epochs": 30,
    "horizon": 5,
    "top_k": 50,
    "lambda_rank": 5.0,
    "n_states": 1000,
    "n_actions": 50,
    "device": "cpu",
    "data_wall_seconds": 15274.282232046127,
    "train_wall_seconds": 4606.577615022659,
    "eval_wall_seconds": 728.2852005958557
  }
}