{
  "preset_id": "plain_medium_frag",
  "seed": 3,
  "method": "Contrastive-MPC",
  "n_blocks": 2600,
  "init_slope_deg": 0.6980985400914178,
  "final_slope_deg": 0.6923729553292758,
  "slope_pct": -0.8201685626490842,
  "init_contiguity": 4.087919449038119,
  "final_contiguity": 4.091017562956606,
  "cont_delta": 0.003098113918486689,
  "cont_pct": 0.07578705866224845,
  "init_baimu_count": 46,
  "final_baimu_count": 47,
  "baimu_count_delta": 1,
  "init_baimu_area_ha": 79563.15299401806,
  "final_baimu_area_ha": 79647.20964219674,
  "baimu_area_delta_ha": 84.05664817867279,
  "total_reward": 44.2825326098332,
  "wall_seconds": 22768.11857008934,
  "exchange_pairs_used": 63,
  "extra": {
    "n_models": 5,
    "epochs": 30,
    "horizon": 5,
    "top_k": 50,
    "lambda_rank": 5.0,
    "n_states": 1000,
    "n_actions": 50,
    "device": "cpu",
    "data_wall_seconds": 19807.77872800827,
    "train_wall_seconds": 2181.169891834259,
    "eval_wall_seconds": 779.1699502468109
  }
}