{
  "preset_id": "plain_medium_frag",
  "seed": 1,
  "method": "Contrastive-MPC",
  "n_blocks": 2600,
  "init_slope_deg": 0.7002514392972452,
  "final_slope_deg": 0.6946601565368563,
  "slope_pct": -0.7984678711978322,
  "init_contiguity": 4.0956959899223175,
  "final_contiguity": 4.098383371824481,
  "cont_delta": 0.0026873819021631107,
  "cont_pct": 0.06561477956894461,
  "init_baimu_count": 49,
  "final_baimu_count": 47,
  "baimu_count_delta": -2,
  "init_baimu_area_ha": 80156.03098459286,
  "final_baimu_area_ha": 80215.75697278192,
  "baimu_area_delta_ha": 59.725988189065454,
  "total_reward": 32.31852605006734,
  "wall_seconds": 25114.865250825882,
  "exchange_pairs_used": 48,
  "extra": {
    "n_models": 5,
    "epochs": 30,
    "horizon": 5,
    "top_k": 50,
    "lambda_rank": 5.0,
    "n_states": 1000,
    "n_actions": 50,
    "device": "cpu",
    "data_wall_seconds": 22012.81906938553,
    "train_wall_seconds": 2291.8496057987213,
    "eval_wall_seconds": 810.1965756416321
  }
}