{
  "preset_id": "plain_medium_frag",
  "seed": 4,
  "method": "Contrastive-MPC",
  "n_blocks": 2600,
  "init_slope_deg": 0.7195073903258143,
  "final_slope_deg": 0.7131068256737761,
  "slope_pct": -0.8895759429433843,
  "init_contiguity": 4.091718426501036,
  "final_contiguity": 4.094409937888199,
  "cont_delta": 0.002691511387163281,
  "cont_pct": 0.06577948675923269,
  "init_baimu_count": 49,
  "final_baimu_count": 50,
  "baimu_count_delta": 1,
  "init_baimu_area_ha": 78711.39674973016,
  "final_baimu_area_ha": 78725.21058712494,
  "baimu_area_delta_ha": 13.81383739476204,
  "total_reward": 44.5902228089211,
  "wall_seconds": 19974.044962644577,
  "exchange_pairs_used": 57,
  "extra": {
    "n_models": 5,
    "epochs": 30,
    "horizon": 5,
    "top_k": 50,
    "lambda_rank": 5.0,
    "n_states": 1000,
    "n_actions": 50,
    "device": "cpu",
    "data_wall_seconds": 15005.740773916245,
    "train_wall_seconds": 4297.1614418029785,
    "eval_wall_seconds": 671.142746925354
  }
}