{
  "preset_id": "plain_medium_frag",
  "seed": 2,
  "method": "Contrastive-MPC",
  "n_blocks": 2600,
  "init_slope_deg": 0.7134345028849062,
  "final_slope_deg": 0.70844583137389,
  "slope_pct": -0.6992473017275729,
  "init_contiguity": 4.097601044672381,
  "final_contiguity": 4.100044230080667,
  "cont_delta": 0.0024431854082855864,
  "cont_pct": 0.05962477497656073,
  "init_baimu_count": 36,
  "final_baimu_count": 37,
  "baimu_count_delta": 1,
  "init_baimu_area_ha": 79850.94575132677,
  "final_baimu_area_ha": 79916.82257756643,
  "baimu_area_delta_ha": 65.87682623966933,
  "total_reward": 38.77905409513593,
  "wall_seconds": 25266.86702990532,
  "exchange_pairs_used": 60,
  "extra": {
    "n_models": 5,
    "epochs": 30,
    "horizon": 5,
    "top_k": 50,
    "lambda_rank": 5.0,
    "n_states": 1000,
    "n_actions": 50,
    "device": "cpu",
    "data_wall_seconds": 22073.92421388626,
    "train_wall_seconds": 2355.2624337673187,
    "eval_wall_seconds": 837.6803822517395
  }
}