{
  "preset_id": "mixed_medium_frag",
  "seed": 2,
  "method": "Random-Block",
  "n_blocks": 2600,
  "init_slope_deg": 1.7445466953930773,
  "final_slope_deg": 1.7432325571491656,
  "slope_pct": -0.0753283501887343,
  "init_contiguity": 3.9388737458678884,
  "final_contiguity": 3.940845560517311,
  "cont_delta": 0.001971814649422754,
  "cont_pct": 0.05006036678594401,
  "init_baimu_count": 64,
  "final_baimu_count": 64,
  "baimu_count_delta": 0,
  "init_baimu_area_ha": 72194.405402984,
  "final_baimu_area_ha": 72201.5642505929,
  "baimu_area_delta_ha": 7.158847608888149,
  "total_reward": 0.0,
  "wall_seconds": 0.31642818450927734,
  "exchange_pairs_used": 100,
  "extra": {
    "baseline_returned": {
      "slope_change_pct": -0.07532834975694103,
      "cont_change": 0.001971814649422754,
      "baimu_count_change": 0.0,
      "baimu_area_change_ha": 7.158847608888149,
      "completed_swaps": 30.0,
      "elapsed": 0.0,
      "initial_slope": 1.7445466953930773,
      "final_slope": 1.7432325571491656,
      "initial_cont": 3.9388737458678884,
      "final_cont": 3.940845560517311,
      "initial_baimu_count": 64.0,
      "final_baimu_count": 64.0,
      "seed": 2.0
    }
  }
}