{
  "preset_id": "mixed_medium_frag",
  "seed": 2,
  "method": "Random-Block",
  "n_blocks": 2600,
  "init_slope_deg": 1.7445466953930786,
  "final_slope_deg": 1.7432325571491687,
  "slope_pct": -0.0753283501886324,
  "init_contiguity": 3.9375978658006145,
  "final_contiguity": 3.9395696804500377,
  "cont_delta": 0.001971814649423198,
  "cont_pct": 0.050076587595229684,
  "init_baimu_count": 66,
  "final_baimu_count": 66,
  "baimu_count_delta": 0,
  "init_baimu_area_ha": 72194.40540298817,
  "final_baimu_area_ha": 72201.56425059686,
  "baimu_area_delta_ha": 7.158847608697414,
  "total_reward": 0.0,
  "wall_seconds": 0.3281898498535156,
  "exchange_pairs_used": 100,
  "extra": {
    "baseline_returned": {
      "slope_change_pct": -0.07532834975683915,
      "cont_change": 0.001971814649423198,
      "baimu_count_change": 0.0,
      "baimu_area_change_ha": 7.158847608697414,
      "completed_swaps": 30.0,
      "elapsed": 0.0015366077423095703,
      "initial_slope": 1.7445466953930786,
      "final_slope": 1.7432325571491687,
      "initial_cont": 3.9375978658006145,
      "final_cont": 3.9395696804500377,
      "initial_baimu_count": 66.0,
      "final_baimu_count": 66.0,
      "seed": 2.0
    }
  }
}