{
  "preset_id": "plain_small_cons",
  "seed": 1,
  "method": "GA",
  "n_blocks": 800,
  "init_slope_deg": 0.5363261651818572,
  "final_slope_deg": 0.5217307957793516,
  "slope_pct": -2.7213606849773253,
  "init_contiguity": 4.07451212300414,
  "final_contiguity": 4.0773211117681845,
  "cont_delta": 0.002808988764044784,
  "cont_pct": 0.06894049329959205,
  "init_baimu_count": 17,
  "final_baimu_count": 16,
  "baimu_count_delta": -1,
  "init_baimu_area_ha": 26874.16067134914,
  "final_baimu_area_ha": 26876.441129278464,
  "baimu_area_delta_ha": 2.2804579293251037,
  "total_reward": 29.0597038509653,
  "wall_seconds": 65.59971356391907,
  "exchange_pairs_used": 100,
  "extra": {
    "pop_size": 100,
    "generations": 500,
    "best_fitness": 29.0597038509653,
    "ga_elapsed_seconds": 65.5954041481018,
    "ga_final_avg_slope": 0.5217307957793516,
    "ga_final_contiguity": 4.0773211117681845
  }
}