{
  "preset_id": "plain_small_cons",
  "seed": 2,
  "method": "GA",
  "n_blocks": 800,
  "init_slope_deg": 0.5487349667393502,
  "final_slope_deg": 0.5299399297541777,
  "slope_pct": -3.4251575212811534,
  "init_contiguity": 4.069282694162154,
  "final_contiguity": 4.065573770491803,
  "cont_delta": -0.0037089236703504724,
  "cont_pct": -0.09114440897794843,
  "init_baimu_count": 12,
  "final_baimu_count": 16,
  "baimu_count_delta": 4,
  "init_baimu_area_ha": 27253.44423624316,
  "final_baimu_area_ha": 27284.30771258021,
  "baimu_area_delta_ha": 30.86347633705139,
  "total_reward": 27.43170142627749,
  "wall_seconds": 64.65103793144226,
  "exchange_pairs_used": 100,
  "extra": {
    "pop_size": 100,
    "generations": 500,
    "best_fitness": 27.43170142627749,
    "ga_elapsed_seconds": 64.64437580108643,
    "ga_final_avg_slope": 0.5299399297541777,
    "ga_final_contiguity": 4.065573770491803
  }
}