{
  "total_reward": 7300.608012853315,
  "n_selected": 60,
  "n_committed": 60,
  "budget_used": 41608.467799999984,
  "cum_components": {
    "risk_reduction": 729.7297244999999,
    "habitat_gain": 1308.98829,
    "water_gain": 461.80440000000016,
    "connectivity": 0.3675,
    "cost_penalty": -0.02747345673183902
  },
  "max_iters": 200,
  "wall_s": 0.6132562160491943
}