{
  "preset_id": "hilly_small_cons",
  "seed": 3,
  "method": "Greedy-Sequential",
  "n_blocks": 800,
  "init_slope_deg": 6.936170109681151,
  "final_slope_deg": 6.926838766445667,
  "slope_pct": -0.1345316376030023,
  "init_contiguity": 3.748719408081958,
  "final_contiguity": 3.7581104154809335,
  "cont_delta": 0.009391007398975582,
  "cont_pct": 0.25051241108304967,
  "init_baimu_count": 36,
  "final_baimu_count": 35,
  "baimu_count_delta": -1,
  "init_baimu_area_ha": 20067.513577897513,
  "final_baimu_area_ha": 20072.703022366182,
  "baimu_area_delta_ha": 5.189444468668103,
  "total_reward": 0.0,
  "wall_seconds": 0.35069751739501953,
  "exchange_pairs_used": 100,
  "extra": {
    "baseline_returned": {
      "slope_change_pct": -0.13453163740904564,
      "cont_change": 0.009391007398975582,
      "baimu_count_change": -1.0,
      "baimu_area_change_ha": 5.189444468668103,
      "completed_swaps": 29.0,
      "elapsed": 0.2983829975128174,
      "initial_slope": 6.936170109681151,
      "final_slope": 6.926838766445667,
      "initial_cont": 3.748719408081958,
      "final_cont": 3.7581104154809335,
      "initial_baimu_count": 36.0,
      "final_baimu_count": 35.0
    }
  }
}