{
  "preset_id": "hilly_small_cons",
  "seed": 0,
  "method": "Greedy-Sequential",
  "n_blocks": 800,
  "init_slope_deg": 7.444048352152359,
  "final_slope_deg": 7.432717472984246,
  "slope_pct": -0.15221393833151678,
  "init_contiguity": 3.759942363112392,
  "final_contiguity": 3.7654178674351586,
  "cont_delta": 0.005475504322766778,
  "cont_pct": 0.1456273468955931,
  "init_baimu_count": 51,
  "final_baimu_count": 50,
  "baimu_count_delta": -1,
  "init_baimu_area_ha": 19169.481669773962,
  "final_baimu_area_ha": 19152.262137107995,
  "baimu_area_delta_ha": -17.21953266596794,
  "total_reward": 0.0,
  "wall_seconds": 0.31624317169189453,
  "exchange_pairs_used": 100,
  "extra": {
    "baseline_returned": {
      "slope_change_pct": -0.15221393812703943,
      "cont_change": 0.005475504322766778,
      "baimu_count_change": -1.0,
      "baimu_area_change_ha": -17.21953266596794,
      "completed_swaps": 22.0,
      "elapsed": 0.2667057514190674,
      "initial_slope": 7.444048352152359,
      "final_slope": 7.432717472984246,
      "initial_cont": 3.759942363112392,
      "final_cont": 3.7654178674351586,
      "initial_baimu_count": 51.0,
      "final_baimu_count": 50.0
    }
  }
}