{
  "preset_id": "mixed_medium_frag",
  "seed": 2,
  "method": "Greedy-Sequential",
  "n_blocks": 2600,
  "init_slope_deg": 1.7445466953930786,
  "final_slope_deg": 1.7412588350201443,
  "slope_pct": -0.1884650254198816,
  "init_contiguity": 3.9375978658006145,
  "final_contiguity": 3.9392797077074757,
  "cont_delta": 0.001681841906861159,
  "cont_pct": 0.042712383537112646,
  "init_baimu_count": 66,
  "final_baimu_count": 68,
  "baimu_count_delta": 2,
  "init_baimu_area_ha": 72194.40540298817,
  "final_baimu_area_ha": 72211.56671506842,
  "baimu_area_delta_ha": 17.16131208025217,
  "total_reward": 0.0,
  "wall_seconds": 1.3508210182189941,
  "exchange_pairs_used": 100,
  "extra": {
    "baseline_returned": {
      "slope_change_pct": -0.18846502433957218,
      "cont_change": 0.001681841906861159,
      "baimu_count_change": 2.0,
      "baimu_area_change_ha": 17.16131208025217,
      "completed_swaps": 23.0,
      "elapsed": 1.0467445850372314,
      "initial_slope": 1.7445466953930786,
      "final_slope": 1.7412588350201443,
      "initial_cont": 3.9375978658006145,
      "final_cont": 3.9392797077074757,
      "initial_baimu_count": 66.0,
      "final_baimu_count": 68.0
    }
  }
}