{
  "preset_id": "mixed_medium_frag",
  "seed": 3,
  "method": "Greedy-Sequential",
  "n_blocks": 2600,
  "init_slope_deg": 1.6841105798748932,
  "final_slope_deg": 1.6813012110962948,
  "slope_pct": -0.16681617063453666,
  "init_contiguity": 3.968972315076712,
  "final_contiguity": 3.970400845690123,
  "cont_delta": 0.00142853061341075,
  "cont_pct": 0.03599245589053432,
  "init_baimu_count": 82,
  "final_baimu_count": 82,
  "baimu_count_delta": 0,
  "init_baimu_area_ha": 72990.10265391562,
  "final_baimu_area_ha": 73034.33207800012,
  "baimu_area_delta_ha": 44.229424084508416,
  "total_reward": 0.0,
  "wall_seconds": 1.4828095436096191,
  "exchange_pairs_used": 100,
  "extra": {
    "baseline_returned": {
      "slope_change_pct": -0.1668161696440069,
      "cont_change": 0.00142853061341075,
      "baimu_count_change": 0.0,
      "baimu_area_change_ha": 44.229424084508416,
      "completed_swaps": 22.0,
      "elapsed": 1.094409465789795,
      "initial_slope": 1.6841105798748932,
      "final_slope": 1.6813012110962948,
      "initial_cont": 3.968972315076712,
      "final_cont": 3.970400845690123,
      "initial_baimu_count": 82.0,
      "final_baimu_count": 82.0
    }
  }
}