{
  "total_reward": 158.85798966855677,
  "n_selected": 50,
  "n_committed": 50,
  "budget_used": 131564.16110946983,
  "cum_components": {
    "risk_index": 42.39351271972268,
    "water_priority": 25.106911503054555,
    "connectivity": 0.23607142857142863,
    "cost_penalty": -0.019734624166420484
  },
  "max_iters": 300,
  "wall_s": 1.0006160736083984
}