{
  "total_reward": 128.82320886247493,
  "n_selected": 50,
  "n_committed": 50,
  "budget_used": 119554.46882208475,
  "cum_components": {
    "risk_index": 39.74448757852125,
    "water_priority": 25.831490389704655,
    "connectivity": 0.15107142857142858,
    "cost_penalty": -0.017933170323312698
  },
  "max_iters": 100,
  "wall_s": 0.35178112983703613
}