{
  "total_reward": 138.9943610951424,
  "n_selected": 50,
  "n_committed": 50,
  "budget_used": 114804.56477423446,
  "cum_components": {
    "risk_index": 36.339111703754,
    "water_priority": 25.98025786843498,
    "connectivity": 0.19607142857142862,
    "cost_penalty": -0.017220684716135158
  },
  "max_iters": 200,
  "wall_s": 0.6760818958282471
}