{
  "total_reward": 124.25625441769728,
  "n_selected": 50,
  "n_committed": 50,
  "budget_used": 129520.78516215982,
  "cum_components": {
    "risk_index": 39.56592512020497,
    "water_priority": 25.771515831737727,
    "connectivity": 0.15750000000000003,
    "cost_penalty": -0.019428117774323968
  },
  "max_iters": 50,
  "wall_s": 0.20305609703063965
}