{
  "total_reward": 165.76503902530544,
  "n_selected": 50,
  "n_committed": 50,
  "budget_used": 131564.16110946986,
  "cum_components": {
    "risk_index": 42.40176234156759,
    "water_priority": 25.130757492430522,
    "connectivity": 0.2685714285714286,
    "cost_penalty": -0.01973462416642048
  },
  "max_iters": 500,
  "wall_s": 1.647165060043335
}