{
  "case": "synthetic",
  "results": {
    "greedy": {
      "total_reward": 8592.43081509965,
      "n_selected": 60,
      "n_committed": 60,
      "budget_used": 33380.98310079587,
      "cum_components": {
        "risk_reduction": 2475.1557599999996,
        "habitat_gain": 4433.899925,
        "water_gain": 1680.3836,
        "connectivity": 3.065,
        "cost_penalty": -0.07346990034930381
      }
    },
    "sa": {
      "total_reward": 8679.673631681084,
      "n_selected": 60,
      "n_committed": 60,
      "budget_used": 36029.11983118939,
      "cum_components": {
        "risk_reduction": 2679.9768099999997,
        "habitat_gain": 4179.555599999998,
        "water_gain": 1817.6455200000007,
        "connectivity": 2.5750000000000006,
        "cost_penalty": -0.07929831891642218
      }
    },
    "nsga2": {
      "total_reward": 7362.054872399727,
      "n_selected": 60,
      "n_committed": 60,
      "budget_used": 42871.29076090216,
      "cum_components": {
        "risk_reduction": 2947.3300499999996,
        "habitat_gain": 3013.7171000000008,
        "water_gain": 1399.9670800000001,
        "connectivity": 1.1350000000000002,
        "cost_penalty": -0.0943576002701495
      }
    },
    "milp": {
      "total_reward": 9736.560247750242,
      "n_selected": 60,
      "n_committed": 60,
      "budget_used": 41860.204757910404,
      "cum_components": {
        "risk_reduction": 3919.3059500000004,
        "habitat_gain": 3664.3369499999976,
        "water_gain": 2149.1944800000006,
        "connectivity": 3.8150000000000013,
        "cost_penalty": -0.09213224975665274
      }
    }
  },
  "timings_s": {
    "greedy": 0.0235440731048584,
    "sa": 0.9411020278930664,
    "nsga2": 4.069061994552612,
    "milp": 0.029744863510131836
  },
  "scenario_config": {
    "case_name": "synthetic",
    "feature_cols": [
      "row",
      "col",
      "area_ha",
      "slope_deg",
      "disturbance",
      "erosion_risk",
      "biodiversity",
      "human_exposure",
      "dist_water_m",
      "dist_settle_m",
      "dist_source_m",
      "rest_cost",
      "risk_reduction",
      "habitat_gain",
      "water_gain",
      "priority_score"
    ],
    "reward_terms": {
      "risk_reduction": 0.35,
      "habitat_gain": 0.25,
      "water_gain": 0.2,
      "connectivity": 0.1,
      "cost_penalty": -0.1
    },
    "cost_col": "rest_cost",
    "budget": 45434.91,
    "max_steps": 60,
    "n_units": 420,
    "n_candidates": 420,
    "n_edges": 1553,
    "reward_profile": "scale_economy",
    "reward_profile_params": {}
  }
}