{
  "case": "synthetic",
  "results": {
    "greedy": {
      "total_reward": 8590.880008189833,
      "n_selected": 60,
      "n_committed": 60,
      "budget_used": 41698.71109999999,
      "cum_components": {
        "risk_reduction": 2475.1557599999996,
        "habitat_gain": 4433.899925,
        "water_gain": 1680.3836,
        "connectivity": 1.5325,
        "cost_penalty": -0.09177681016645568
      }
    },
    "sa": {
      "total_reward": 8736.96267737248,
      "n_selected": 60,
      "n_committed": 60,
      "budget_used": 43902.67560000002,
      "cum_components": {
        "risk_reduction": 2780.100155000001,
        "habitat_gain": 4060.7481499999985,
        "water_gain": 1894.9435000000003,
        "connectivity": 1.2675,
        "cost_penalty": -0.0966276275225372
      }
    },
    "nsga2": {
      "total_reward": 7075.6803573041325,
      "n_selected": 60,
      "n_committed": 60,
      "budget_used": 45392.971699999995,
      "cum_components": {
        "risk_reduction": 2645.8710600000013,
        "habitat_gain": 3196.2170249999995,
        "water_gain": 1233.2371799999996,
        "connectivity": 0.4550000000000003,
        "cost_penalty": -0.09990769586646035
      }
    },
    "milp": {
      "total_reward": 8127.168400004198,
      "n_selected": 49,
      "n_committed": 49,
      "budget_used": 44901.047900000005,
      "cum_components": {
        "risk_reduction": 3217.8149500000004,
        "habitat_gain": 3117.3671749999985,
        "water_gain": 1790.6951000000004,
        "connectivity": 1.3900000000000003,
        "cost_penalty": -0.09882499580168641
      }
    }
  },
  "timings_s": {
    "greedy": 0.01972031593322754,
    "sa": 0.6249861717224121,
    "nsga2": 2.8694510459899902,
    "milp": 0.02713608741760254
  },
  "scenario_config": {
    "case_name": "synthetic",
    "feature_cols": [
      "row",
      "col",
      "area_ha",
      "slope_deg",
      "disturbance",
      "erosion_risk",
      "biodiversity",
      "human_exposure",
      "dist_water_m",
      "dist_settle_m",
      "dist_source_m",
      "rest_cost",
      "risk_reduction",
      "habitat_gain",
      "water_gain",
      "priority_score"
    ],
    "reward_terms": {
      "risk_reduction": 0.35,
      "habitat_gain": 0.25,
      "water_gain": 0.2,
      "connectivity": 0.1,
      "cost_penalty": -0.1
    },
    "cost_col": "rest_cost",
    "budget": 45434.91,
    "max_steps": 60,
    "n_units": 420,
    "n_candidates": 420,
    "n_edges": 1553
  }
}