{
  "label": "buchanan_va-connectivity_dominant-lam5",
  "n_blocks": 562,
  "members": [
    {
      "ndcg@1_mean": 0.8810055022671129,
      "ndcg@1_median": 1.0,
      "ndcg@1_std": 0.2563584482565263,
      "ndcg@5_mean": 0.8909284867398174,
      "ndcg@5_median": 0.9922179573856577,
      "ndcg@5_std": 0.21540928072654394,
      "ndcg@10_mean": 0.9066511045855778,
      "ndcg@10_median": 0.9922976030177175,
      "ndcg@10_std": 0.18534997389145041,
      "ndcg@50_mean": 0.9508533003385395,
      "ndcg@50_median": 0.9969975483411249,
      "ndcg@50_std": 0.09951740684146246,
      "precision@1_mean": 0.68,
      "precision@1_median": 1.0,
      "precision@1_std": 0.46647615158762407,
      "precision@5_mean": 0.782,
      "precision@5_median": 0.8,
      "precision@5_std": 0.17662389419328292,
      "precision@10_mean": 0.8442000000000001,
      "precision@10_median": 0.9,
      "precision@10_std": 0.1118318380426612,
      "precision@50_mean": 1.0,
      "precision@50_median": 1.0,
      "precision@50_std": 0.0,
      "regret@1_mean": 0.14452029740810393,
      "regret@1_median": 0.0,
      "regret@1_std": 0.29228861984376076,
      "regret@5_mean": 0.14895763844251633,
      "regret@5_median": 0.016097605228424072,
      "regret@5_std": 0.2766923733759584,
      "regret@10_mean": 0.13425103038549424,
      "regret@10_median": 0.018574953079223633,
      "regret@10_std": 0.26016475225529967,
      "regret@50_mean": 0.08399999994039535,
      "regret@50_median": 0.0,
      "regret@50_std": 0.32015551767749023,
      "spearman_mean": 0.9430753421368546,
      "spearman_median": 0.9512605042016806,
      "spearman_std": 0.04241089087857223,
      "kendall_mean": 0.8382138775510204,
      "kendall_median": 0.8391836734693877,
      "kendall_std": 0.06737801462873694,
      "pairwise_acc": [],
      "pred_reward_std_mean": 0.42021365638077257,
      "pred_reward_std_median": 0.3394438326358795,
      "pred_reward_std_std": 0.1840695974879956,
      "pairwise_acc_total": 0.9191069387755102,
      "pairwise_acc_n_pairs": 1225000
    },
    {
      "ndcg@1_mean": 0.8813579106290597,
      "ndcg@1_median": 1.0,
      "ndcg@1_std": 0.25681797746130614,
      "ndcg@5_mean": 0.890960496582429,
      "ndcg@5_median": 0.9915682239454338,
      "ndcg@5_std": 0.21504232901307327,
      "ndcg@10_mean": 0.9072720964974536,
      "ndcg@10_median": 0.9922740737328589,
      "ndcg@10_std": 0.183598205634853,
      "ndcg@50_mean": 0.951014584202172,
      "ndcg@50_median": 0.9969454633600998,
      "ndcg@50_std": 0.09924265683308005,
      "precision@1_mean": 0.692,
      "precision@1_median": 1.0,
      "precision@1_std": 0.4616665463297075,
      "precision@5_mean": 0.7786000000000002,
      "precision@5_median": 0.8,
      "precision@5_std": 0.168943896012848,
      "precision@10_mean": 0.8412000000000001,
      "precision@10_median": 0.9,
      "precision@10_std": 0.10734318795340486,
      "precision@50_mean": 1.0,
      "precision@50_median": 1.0,
      "precision@50_std": 0.0,
      "regret@1_mean": 0.14377681678533555,
      "regret@1_median": 0.0,
      "regret@1_std": 0.2928024105142617,
      "regret@5_mean": 0.1491823422908783,
      "regret@5_median": 0.01862916350364685,
      "regret@5_std": 0.2754035270720843,
      "regret@10_mean": 0.13207753986120224,
      "regret@10_median": 0.019871413707733154,
      "regret@10_std": 0.2558254656081309,
      "regret@50_mean": 0.07333333325386047,
      "regret@50_median": 0.0,
      "regret@50_std": 0.3339327941619441,
      "spearman_mean": 0.9426643937575029,
      "spearman_median": 0.9512605042016806,
      "spearman_std": 0.04225887793604918,
      "kendall_mean": 0.8339820408163267,
      "kendall_median": 0.833469387755102,
      "kendall_std": 0.06688586069827791,
      "pairwise_acc": [],
      "pred_reward_std_mean": 0.4228935472071171,
      "pred_reward_std_median": 0.34330540895462036,
      "pred_reward_std_std": 0.17835857369394398,
      "pairwise_acc_total": 0.9169910204081633,
      "pairwise_acc_n_pairs": 1225000
    },
    {
      "ndcg@1_mean": 0.8818397794307491,
      "ndcg@1_median": 1.0,
      "ndcg@1_std": 0.2567110729019759,
      "ndcg@5_mean": 0.8912902995768582,
      "ndcg@5_median": 0.9927254257471144,
      "ndcg@5_std": 0.21510845882394505,
      "ndcg@10_mean": 0.9061310617931282,
      "ndcg@10_median": 0.9919965284728689,
      "ndcg@10_std": 0.18637235722147377,
      "ndcg@50_mean": 0.9508754689167921,
      "ndcg@50_median": 0.9969988113738986,
      "ndcg@50_std": 0.09955113270427778,
      "precision@1_mean": 0.686,
      "precision@1_median": 1.0,
      "precision@1_std": 0.46411636471902173,
      "precision@5_mean": 0.7856000000000001,
      "precision@5_median": 0.8,
      "precision@5_std": 0.16814469958937153,
      "precision@10_mean": 0.8443000000000002,
      "precision@10_median": 0.9,
      "precision@10_std": 0.10912153774576311,
      "precision@50_mean": 1.0,
      "precision@50_median": 1.0,
      "precision@50_std": 0.0,
      "regret@1_mean": 0.14322433704137802,
      "regret@1_median": 0.0,
      "regret@1_std": 0.2924266192015468,
      "regret@5_mean": 0.14804217201471329,
      "regret@5_median": 0.016196876764297485,
      "regret@5_std": 0.27599663478974995,
      "regret@10_mean": 0.13702391314506532,
      "regret@10_median": 0.019753575325012207,
      "regret@10_std": 0.2626410719272225,
      "regret@50_mean": 0.06849999994039535,
      "regret@50_median": 0.0,
      "regret@50_std": 0.33032303204211183,
      "spearman_mean": 0.942892869147659,
      "spearman_median": 0.9505882352941176,
      "spearman_std": 0.04195037966248483,
      "kendall_mean": 0.8368081632653062,
      "kendall_median": 0.836734693877551,
      "kendall_std": 0.06696618602551464,
      "pairwise_acc": [],
      "pred_reward_std_mean": 0.440037526845932,
      "pred_reward_std_median": 0.35121673345565796,
      "pred_reward_std_std": 0.19327549493405716,
      "pairwise_acc_total": 0.9184040816326531,
      "pairwise_acc_n_pairs": 1225000
    }
  ],
  "ensemble_mean": {
    "ndcg@1_mean": 0.8814010641089739,
    "ndcg@5_mean": 0.8910597609663683,
    "ndcg@10_mean": 0.9066847542920532,
    "ndcg@50_mean": 0.9509144511525012,
    "precision@1_mean": 0.6859999999999999,
    "precision@5_mean": 0.7820666666666668,
    "precision@10_mean": 0.8432333333333334,
    "precision@50_mean": 1.0,
    "regret@1_mean": 0.14384048374493918,
    "regret@5_mean": 0.1487273842493693,
    "regret@10_mean": 0.13445082779725392,
    "regret@50_mean": 0.07527777771155039,
    "spearman_mean": 0.9428775350140054,
    "kendall_mean": 0.836334693877551,
    "pred_reward_std_mean": 0.4277149101446072,
    "pairwise_acc_total": 0.9181673469387756
  }
}