{
  "label": "buchanan_va-connectivity_dominant-lam0",
  "n_blocks": 562,
  "members": [
    {
      "ndcg@1_mean": 0.8773952047306735,
      "ndcg@1_median": 1.0,
      "ndcg@1_std": 0.255175995720627,
      "ndcg@5_mean": 0.8839451292303232,
      "ndcg@5_median": 0.9840999100971486,
      "ndcg@5_std": 0.21324861341683407,
      "ndcg@10_mean": 0.8993427671517984,
      "ndcg@10_median": 0.9825367291055216,
      "ndcg@10_std": 0.18210161056080235,
      "ndcg@50_mean": 0.9478988767083324,
      "ndcg@50_median": 0.9929751907831683,
      "ndcg@50_std": 0.09845505985961726,
      "precision@1_mean": 0.66,
      "precision@1_median": 1.0,
      "precision@1_std": 0.4737087712930805,
      "precision@5_mean": 0.7148,
      "precision@5_median": 0.8,
      "precision@5_std": 0.17372668188853435,
      "precision@10_mean": 0.7818,
      "precision@10_median": 0.8,
      "precision@10_std": 0.10792942138267955,
      "precision@50_mean": 1.0,
      "precision@50_median": 1.0,
      "precision@50_std": 0.0,
      "regret@1_mean": 0.1558663576245308,
      "regret@1_median": 0.0,
      "regret@1_std": 0.29583411071838783,
      "regret@5_mean": 0.16843326717615129,
      "regret@5_median": 0.0373041033744812,
      "regret@5_std": 0.2727880840278986,
      "regret@10_mean": 0.15883888626098633,
      "regret@10_median": 0.04679104685783386,
      "regret@10_std": 0.2532184791077018,
      "regret@50_mean": 0.07249999988079071,
      "regret@50_median": 0.0,
      "regret@50_std": 0.3469620134830475,
      "spearman_mean": 0.8723311125146842,
      "spearman_median": 0.882064825930372,
      "spearman_std": 0.05407175965410258,
      "kendall_mean": 0.711560261384532,
      "kendall_median": 0.7191836734693877,
      "kendall_std": 0.06236134196975524,
      "pairwise_acc": [],
      "pred_reward_std_mean": 0.3753349587991834,
      "pred_reward_std_median": 0.27924202382564545,
      "pred_reward_std_std": 0.20792513193066484,
      "pairwise_acc_total": 0.8557795918367347,
      "pairwise_acc_n_pairs": 1225000
    },
    {
      "ndcg@1_mean": 0.8676658206238105,
      "ndcg@1_median": 1.0,
      "ndcg@1_std": 0.25751217795641373,
      "ndcg@5_mean": 0.8779472185614504,
      "ndcg@5_median": 0.9761323227381176,
      "ndcg@5_std": 0.21097485508234468,
      "ndcg@10_mean": 0.8952421129780757,
      "ndcg@10_median": 0.9782714322119228,
      "ndcg@10_std": 0.18107783133720895,
      "ndcg@50_mean": 0.9462503428890199,
      "ndcg@50_median": 0.9917584337834141,
      "ndcg@50_std": 0.09886809086219148,
      "precision@1_mean": 0.641,
      "precision@1_median": 1.0,
      "precision@1_std": 0.4797072023641087,
      "precision@5_mean": 0.6872,
      "precision@5_median": 0.6,
      "precision@5_std": 0.17842690380096832,
      "precision@10_mean": 0.7725,
      "precision@10_median": 0.8,
      "precision@10_std": 0.1101533022655245,
      "precision@50_mean": 1.0,
      "precision@50_median": 1.0,
      "precision@50_std": 0.0,
      "regret@1_mean": 0.17803298211097718,
      "regret@1_median": 0.0,
      "regret@1_std": 0.31001726763098736,
      "regret@5_mean": 0.1781665607690811,
      "regret@5_median": 0.05510947108268738,
      "regret@5_std": 0.2680531300698998,
      "regret@10_mean": 0.16228412050008773,
      "regret@10_median": 0.05255487561225891,
      "regret@10_std": 0.2507332299876165,
      "regret@50_mean": 0.06433333325386047,
      "regret@50_median": 0.0,
      "regret@50_std": 0.34136181511651464,
      "spearman_mean": 0.8822220408163264,
      "spearman_median": 0.8922929171668668,
      "spearman_std": 0.052032370783403205,
      "kendall_mean": 0.7260734693877551,
      "kendall_median": 0.7306122448979592,
      "kendall_std": 0.06240732984854816,
      "pairwise_acc": [],
      "pred_reward_std_mean": 0.38850287832319735,
      "pred_reward_std_median": 0.287289023399353,
      "pred_reward_std_std": 0.21478413547114303,
      "pairwise_acc_total": 0.8630367346938775,
      "pairwise_acc_n_pairs": 1225000
    },
    {
      "ndcg@1_mean": 0.8769291118829722,
      "ndcg@1_median": 1.0,
      "ndcg@1_std": 0.2565079088668131,
      "ndcg@5_mean": 0.8835828061614367,
      "ndcg@5_median": 0.9838687909647903,
      "ndcg@5_std": 0.2132035942540677,
      "ndcg@10_mean": 0.8994086333363586,
      "ndcg@10_median": 0.9844062277538618,
      "ndcg@10_std": 0.1847549263164034,
      "ndcg@50_mean": 0.9480764297652607,
      "ndcg@50_median": 0.9939766351866759,
      "ndcg@50_std": 0.09900710848094403,
      "precision@1_mean": 0.672,
      "precision@1_median": 1.0,
      "precision@1_std": 0.46948482403587877,
      "precision@5_mean": 0.7184,
      "precision@5_median": 0.8,
      "precision@5_std": 0.17105975564112091,
      "precision@10_mean": 0.7943000000000001,
      "precision@10_median": 0.8,
      "precision@10_std": 0.10962440421730921,
      "precision@50_mean": 1.0,
      "precision@50_median": 1.0,
      "precision@50_std": 0.0,
      "regret@1_mean": 0.15637167412042619,
      "regret@1_median": 0.0,
      "regret@1_std": 0.2977992295201827,
      "regret@5_mean": 0.1676371093392372,
      "regret@5_median": 0.040406256914138794,
      "regret@5_std": 0.2713513051570641,
      "regret@10_mean": 0.15501717442274093,
      "regret@10_median": 0.0398440957069397,
      "regret@10_std": 0.2582456736826463,
      "regret@50_mean": 0.06949999994039535,
      "regret@50_median": 0.0,
      "regret@50_std": 0.3169783991025465,
      "spearman_mean": 0.8894071281541177,
      "spearman_median": 0.8981512605042016,
      "spearman_std": 0.0489076697221312,
      "kendall_mean": 0.736886011010502,
      "kendall_median": 0.7420408163265306,
      "kendall_std": 0.059760190958193196,
      "pairwise_acc": [],
      "pred_reward_std_mean": 0.3888618200570345,
      "pred_reward_std_median": 0.2943403571844101,
      "pred_reward_std_std": 0.21673750174677656,
      "pairwise_acc_total": 0.8684424489795919,
      "pairwise_acc_n_pairs": 1225000
    }
  ],
  "ensemble_mean": {
    "ndcg@1_mean": 0.8739967124124854,
    "ndcg@5_mean": 0.8818250513177368,
    "ndcg@10_mean": 0.8979978378220775,
    "ndcg@50_mean": 0.9474085497875376,
    "precision@1_mean": 0.6576666666666667,
    "precision@5_mean": 0.7068,
    "precision@10_mean": 0.7828666666666667,
    "precision@50_mean": 1.0,
    "regret@1_mean": 0.1634236712853114,
    "regret@5_mean": 0.1714123124281565,
    "regret@10_mean": 0.15871339372793833,
    "regret@50_mean": 0.06877777769168218,
    "spearman_mean": 0.8813200938283762,
    "kendall_mean": 0.7248399139275964,
    "pred_reward_std_mean": 0.38423321905980506,
    "pairwise_acc_total": 0.8624195918367347
  }
}