{
  "case": "buchanan",
  "wall_budget_s": 30.0,
  "sweep": {
    "0.0000": {
      "sa": {
        "best": 104.43037132247768,
        "n_iter": 9272,
        "wall_s": 30.00218915939331
      },
      "mpc": {
        "best": 72.69382813943044,
        "n_eps": 13,
        "wall_s": 30.743330717086792
      },
      "delay_s": 0.0
    },
    "0.0010": {
      "sa": {
        "best": 85.16761690600494,
        "n_iter": 404,
        "wall_s": 30.062216997146606
      },
      "mpc": {
        "best": 72.69382813943044,
        "n_eps": 13,
        "wall_s": 32.18370509147644
      },
      "delay_s": 0.001
    },
    "0.0100": {
      "sa": {
        "best": 77.54415330980194,
        "n_iter": 48,
        "wall_s": 30.240768909454346
      },
      "mpc": {
        "best": 72.69382813943044,
        "n_eps": 11,
        "wall_s": 30.48540210723877
      },
      "delay_s": 0.01
    },
    "0.0500": {
      "sa": {
        "best": 77.43410346072002,
        "n_iter": 11,
        "wall_s": 30.109835863113403
      },
      "mpc": {
        "best": 72.69382813943044,
        "n_eps": 7,
        "wall_s": 33.75375986099243
      },
      "delay_s": 0.05
    },
    "0.1000": {
      "sa": {
        "best": 72.49159728711487,
        "n_iter": 6,
        "wall_s": 31.471219301223755
      },
      "mpc": {
        "best": 72.69382813943044,
        "n_eps": 5,
        "wall_s": 36.56093406677246
      },
      "delay_s": 0.1
    }
  }
}