{
  "label": "buchanan_va-delayed-lam5",
  "n_blocks": 562,
  "members": [
    {
      "ndcg@1_mean": 0.9473343531544909,
      "ndcg@1_median": 1.0,
      "ndcg@1_std": 0.15091602045325886,
      "ndcg@5_mean": 0.951413624241037,
      "ndcg@5_median": 0.9988653803810867,
      "ndcg@5_std": 0.09574856526288075,
      "ndcg@10_mean": 0.9619869889307372,
      "ndcg@10_median": 0.9990473411774259,
      "ndcg@10_std": 0.07533801831087644,
      "ndcg@50_mean": 0.9835258091326772,
      "ndcg@50_median": 0.9996956807840757,
      "ndcg@50_std": 0.03521923398756529,
      "precision@1_mean": 0.823,
      "precision@1_median": 1.0,
      "precision@1_std": 0.3816687045069323,
      "precision@5_mean": 0.8712000000000001,
      "precision@5_median": 0.8,
      "precision@5_std": 0.13612699952617774,
      "precision@10_mean": 0.9254000000000001,
      "precision@10_median": 0.9,
      "precision@10_std": 0.07010591986415983,
      "precision@50_mean": 1.0,
      "precision@50_median": 1.0,
      "precision@50_std": 0.0,
      "regret@1_mean": 0.07806740987300873,
      "regret@1_median": 0.0,
      "regret@1_std": 0.21431354238564923,
      "regret@5_mean": 0.08038236969709396,
      "regret@5_median": 0.001011878252029419,
      "regret@5_std": 0.1517172427153782,
      "regret@10_mean": 0.06379076462984085,
      "regret@10_median": 0.0014675557613372803,
      "regret@10_std": 0.12615346763317203,
      "regret@50_mean": 0.10199999994039535,
      "regret@50_median": 0.0,
      "regret@50_std": 0.37473902026044237,
      "spearman_mean": 0.9802513325330133,
      "spearman_median": 0.9931812725090036,
      "spearman_std": 0.030404618120510755,
      "kendall_mean": 0.9365093877551021,
      "kendall_median": 0.9461224489795919,
      "kendall_std": 0.02919553718042611,
      "pairwise_acc": [],
      "pred_reward_std_mean": 0.592300383836031,
      "pred_reward_std_median": 0.49481630325317383,
      "pred_reward_std_std": 0.23250399511811284,
      "pairwise_acc_total": 0.968254693877551,
      "pairwise_acc_n_pairs": 1225000
    },
    {
      "ndcg@1_mean": 0.9475947056880885,
      "ndcg@1_median": 1.0,
      "ndcg@1_std": 0.15198666964410804,
      "ndcg@5_mean": 0.9516492936694365,
      "ndcg@5_median": 0.9990713204924475,
      "ndcg@5_std": 0.09594869642253658,
      "ndcg@10_mean": 0.9622937421091963,
      "ndcg@10_median": 0.9991306522327483,
      "ndcg@10_std": 0.07505708767099897,
      "ndcg@50_mean": 0.9836482799660439,
      "ndcg@50_median": 0.9997429610444375,
      "ndcg@50_std": 0.03499151381649608,
      "precision@1_mean": 0.837,
      "precision@1_median": 1.0,
      "precision@1_std": 0.3693656724710622,
      "precision@5_mean": 0.8722000000000001,
      "precision@5_median": 0.8,
      "precision@5_std": 0.1366278156160011,
      "precision@10_mean": 0.9261,
      "precision@10_median": 0.9,
      "precision@10_std": 0.07203325620850412,
      "precision@50_mean": 1.0,
      "precision@50_median": 1.0,
      "precision@50_std": 0.0,
      "regret@1_mean": 0.07720593231916427,
      "regret@1_median": 0.0,
      "regret@1_std": 0.2161226251041949,
      "regret@5_mean": 0.08053942829370499,
      "regret@5_median": 0.0006783008575439453,
      "regret@5_std": 0.1519991296931252,
      "regret@10_mean": 0.06322884804010391,
      "regret@10_median": 0.0015268027782440186,
      "regret@10_std": 0.12595840036753408,
      "regret@50_mean": 0.08583333325386047,
      "regret@50_median": 0.0,
      "regret@50_std": 0.38836462672853495,
      "spearman_mean": 0.9809963985594237,
      "spearman_median": 0.994141656662665,
      "spearman_std": 0.030411162450571794,
      "kendall_mean": 0.9406351020408162,
      "kendall_median": 0.9510204081632653,
      "kendall_std": 0.028865688380514416,
      "pairwise_acc": [],
      "pred_reward_std_mean": 0.6225725072920323,
      "pred_reward_std_median": 0.5217017829418182,
      "pred_reward_std_std": 0.24220865788993834,
      "pairwise_acc_total": 0.9703175510204082,
      "pairwise_acc_n_pairs": 1225000
    },
    {
      "ndcg@1_mean": 0.9483601861237178,
      "ndcg@1_median": 1.0,
      "ndcg@1_std": 0.1519333562883347,
      "ndcg@5_mean": 0.9513217019455933,
      "ndcg@5_median": 0.9993133496873068,
      "ndcg@5_std": 0.09769189040459159,
      "ndcg@10_mean": 0.9622721614778088,
      "ndcg@10_median": 0.9993818447432447,
      "ndcg@10_std": 0.07532746319263117,
      "ndcg@50_mean": 0.9837038609702181,
      "ndcg@50_median": 0.9998175952285537,
      "ndcg@50_std": 0.03529104255153988,
      "precision@1_mean": 0.847,
      "precision@1_median": 1.0,
      "precision@1_std": 0.3599874997829786,
      "precision@5_mean": 0.8792000000000001,
      "precision@5_median": 0.9,
      "precision@5_std": 0.1387348550292968,
      "precision@10_mean": 0.9306000000000001,
      "precision@10_median": 0.9,
      "precision@10_std": 0.06740652787378978,
      "precision@50_mean": 1.0,
      "precision@50_median": 1.0,
      "precision@50_std": 0.0,
      "regret@1_mean": 0.07572291779518127,
      "regret@1_median": 0.0,
      "regret@1_std": 0.21566308198656076,
      "regret@5_mean": 0.08167739343643189,
      "regret@5_median": 1.0907649993896484e-05,
      "regret@5_std": 0.15565789781998027,
      "regret@10_mean": 0.06346878576278686,
      "regret@10_median": 0.0010998845100402832,
      "regret@10_std": 0.12569760255995727,
      "regret@50_mean": 0.09349999994039536,
      "regret@50_median": 0.0,
      "regret@50_std": 0.38966791413297425,
      "spearman_mean": 0.9818630492196878,
      "spearman_median": 0.9951020408163265,
      "spearman_std": 0.03022157797059257,
      "kendall_mean": 0.9457028571428572,
      "kendall_median": 0.9559183673469387,
      "kendall_std": 0.028579961454686262,
      "pairwise_acc": [],
      "pred_reward_std_mean": 0.5941778598725795,
      "pred_reward_std_median": 0.4794118404388428,
      "pred_reward_std_std": 0.24429623598379543,
      "pairwise_acc_total": 0.9728514285714286,
      "pairwise_acc_n_pairs": 1225000
    }
  ],
  "ensemble_mean": {
    "ndcg@1_mean": 0.9477630816554323,
    "ndcg@5_mean": 0.9514615399520223,
    "ndcg@10_mean": 0.9621842975059142,
    "ndcg@50_mean": 0.9836259833563131,
    "precision@1_mean": 0.8356666666666666,
    "precision@5_mean": 0.8742000000000001,
    "precision@10_mean": 0.9273666666666668,
    "precision@50_mean": 1.0,
    "regret@1_mean": 0.07699875332911808,
    "regret@5_mean": 0.08086639714241028,
    "regret@10_mean": 0.06349613281091054,
    "regret@50_mean": 0.0937777777115504,
    "spearman_mean": 0.9810369267707083,
    "kendall_mean": 0.9409491156462586,
    "pred_reward_std_mean": 0.6030169170002143,
    "pairwise_acc_total": 0.9704745578231293
  }
}