{
  "label": "buchanan_va-delayed-lam0",
  "n_blocks": 562,
  "members": [
    {
      "ndcg@1_mean": 0.9145762459404293,
      "ndcg@1_median": 1.0,
      "ndcg@1_std": 0.18694809058686163,
      "ndcg@5_mean": 0.9032135387979457,
      "ndcg@5_median": 0.9531002662768175,
      "ndcg@5_std": 0.12234351790209519,
      "ndcg@10_mean": 0.9076166302647607,
      "ndcg@10_median": 0.9409779808322807,
      "ndcg@10_std": 0.09747923964636865,
      "ndcg@50_mean": 0.9618300418653429,
      "ndcg@50_median": 0.9763662162958259,
      "ndcg@50_std": 0.04196707576974825,
      "precision@1_mean": 0.707,
      "precision@1_median": 1.0,
      "precision@1_std": 0.4551384404771805,
      "precision@5_mean": 0.5304,
      "precision@5_median": 0.6,
      "precision@5_std": 0.1929659037239481,
      "precision@10_mean": 0.5564999999999999,
      "precision@10_median": 0.6,
      "precision@10_std": 0.12734893010936527,
      "precision@50_mean": 1.0,
      "precision@50_median": 1.0,
      "precision@50_std": 0.0,
      "regret@1_mean": 0.17081902092695236,
      "regret@1_median": 0.0,
      "regret@1_std": 0.3394269837975697,
      "regret@5_mean": 0.22803845369815826,
      "regret@5_median": 0.1409498155117035,
      "regret@5_std": 0.23096499313934904,
      "regret@10_mean": 0.26603896701335905,
      "regret@10_median": 0.21115729212760925,
      "regret@10_std": 0.20438043518962284,
      "regret@50_mean": 0.19183333325386048,
      "regret@50_median": 0.0,
      "regret@50_std": 0.49001697811392936,
      "spearman_mean": 0.4614745738295318,
      "spearman_median": 0.4648259303721488,
      "spearman_std": 0.11312938272326453,
      "kendall_mean": 0.32824979591836734,
      "kendall_median": 0.33061224489795915,
      "kendall_std": 0.08592836536525074,
      "pairwise_acc": [],
      "pred_reward_std_mean": 0.4451108190193772,
      "pred_reward_std_median": 0.32407402992248535,
      "pred_reward_std_std": 0.32005341084812633,
      "pairwise_acc_total": 0.6641248979591837,
      "pairwise_acc_n_pairs": 1225000
    },
    {
      "ndcg@1_mean": 0.9319953166993787,
      "ndcg@1_median": 1.0,
      "ndcg@1_std": 0.16416415759203107,
      "ndcg@5_mean": 0.9296155276362836,
      "ndcg@5_median": 0.9746509449354972,
      "ndcg@5_std": 0.10670803895557035,
      "ndcg@10_mean": 0.938968171758617,
      "ndcg@10_median": 0.97132778802571,
      "ndcg@10_std": 0.08450183743437992,
      "ndcg@50_mean": 0.9733536149568006,
      "ndcg@50_median": 0.9876796901575301,
      "ndcg@50_std": 0.038936448690908954,
      "precision@1_mean": 0.725,
      "precision@1_median": 1.0,
      "precision@1_std": 0.4465142774872938,
      "precision@5_mean": 0.6352000000000001,
      "precision@5_median": 0.6,
      "precision@5_std": 0.17401425228986273,
      "precision@10_mean": 0.709,
      "precision@10_median": 0.7,
      "precision@10_std": 0.1119776763466719,
      "precision@50_mean": 1.0,
      "precision@50_median": 1.0,
      "precision@50_std": 0.0,
      "regret@1_mean": 0.12380136656761169,
      "regret@1_median": 0.0,
      "regret@1_std": 0.2582280701564011,
      "regret@5_mean": 0.1469756113290787,
      "regret@5_median": 0.07991224527359009,
      "regret@5_std": 0.1755350479204623,
      "regret@10_mean": 0.14726419049501419,
      "regret@10_median": 0.09635871648788452,
      "regret@10_std": 0.14958963621906338,
      "regret@50_mean": 0.20683333319425584,
      "regret@50_median": 0.0,
      "regret@50_std": 0.5185695869909913,
      "spearman_mean": 0.7006940696278511,
      "spearman_median": 0.7054981992797118,
      "spearman_std": 0.0768780929340517,
      "kendall_mean": 0.5261061224489796,
      "kendall_median": 0.529795918367347,
      "kendall_std": 0.06911250857948295,
      "pairwise_acc": [],
      "pred_reward_std_mean": 0.47526608517766,
      "pred_reward_std_median": 0.34895871579647064,
      "pred_reward_std_std": 0.3030921971868339,
      "pairwise_acc_total": 0.7630530612244898,
      "pairwise_acc_n_pairs": 1225000
    },
    {
      "ndcg@1_mean": 0.9325877540223813,
      "ndcg@1_median": 1.0,
      "ndcg@1_std": 0.1614227986326846,
      "ndcg@5_mean": 0.9312050234119158,
      "ndcg@5_median": 0.9764434215932849,
      "ndcg@5_std": 0.10645783972203239,
      "ndcg@10_mean": 0.9372811991721278,
      "ndcg@10_median": 0.9712387996904617,
      "ndcg@10_std": 0.08434989541353555,
      "ndcg@50_mean": 0.9725919379784393,
      "ndcg@50_median": 0.9871261802426333,
      "ndcg@50_std": 0.03927643163253131,
      "precision@1_mean": 0.727,
      "precision@1_median": 1.0,
      "precision@1_std": 0.44550084175004656,
      "precision@5_mean": 0.655,
      "precision@5_median": 0.6,
      "precision@5_std": 0.18015271299650196,
      "precision@10_mean": 0.7041,
      "precision@10_median": 0.7,
      "precision@10_std": 0.10978702109083753,
      "precision@50_mean": 1.0,
      "precision@50_median": 1.0,
      "precision@50_std": 0.0,
      "regret@1_mean": 0.11997659170627593,
      "regret@1_median": 0.0,
      "regret@1_std": 0.24554613384953106,
      "regret@5_mean": 0.14272988218069077,
      "regret@5_median": 0.06931087374687195,
      "regret@5_std": 0.1795208274879311,
      "regret@10_mean": 0.15896659696102142,
      "regret@10_median": 0.10537710785865784,
      "regret@10_std": 0.155676585702593,
      "regret@50_mean": 0.21916666656732559,
      "regret@50_median": 0.0,
      "regret@50_std": 0.5408269131162263,
      "spearman_mean": 0.666201200480192,
      "spearman_median": 0.6697238895558222,
      "spearman_std": 0.08860522010303683,
      "kendall_mean": 0.4937355102040817,
      "kendall_median": 0.4955102040816326,
      "kendall_std": 0.07658266191479539,
      "pairwise_acc": [],
      "pred_reward_std_mean": 0.47727150383591654,
      "pred_reward_std_median": 0.347059890627861,
      "pred_reward_std_std": 0.311845971571352,
      "pairwise_acc_total": 0.7468677551020408,
      "pairwise_acc_n_pairs": 1225000
    }
  ],
  "ensemble_mean": {
    "ndcg@1_mean": 0.9263864388873965,
    "ndcg@5_mean": 0.9213446966153818,
    "ndcg@10_mean": 0.9279553337318353,
    "ndcg@50_mean": 0.9692585316001944,
    "precision@1_mean": 0.7196666666666666,
    "precision@5_mean": 0.6068666666666667,
    "precision@10_mean": 0.6565333333333333,
    "precision@50_mean": 1.0,
    "regret@1_mean": 0.13819899306694666,
    "regret@5_mean": 0.1725813157359759,
    "regret@10_mean": 0.19075658482313154,
    "regret@50_mean": 0.20594444433848066,
    "spearman_mean": 0.6094566146458583,
    "kendall_mean": 0.44936380952380955,
    "pred_reward_std_mean": 0.4658828026776513,
    "pairwise_acc_total": 0.7246819047619049
  }
}