{
  "case": "buchanan",
  "wall_budget_s": 30.0,
  "sweep": {
    "0.0000": {
      "sa": {
        "best": 185.90987549496833,
        "n_iter": 9126,
        "wall_s": 30.001272678375244
      },
      "mpc": {
        "best": 119.61111742703423,
        "n_eps": 13,
        "wall_s": 30.26526689529419
      },
      "delay_s": 0.0
    },
    "0.0010": {
      "sa": {
        "best": 165.76503902530544,
        "n_iter": 407,
        "wall_s": 30.039228916168213
      },
      "mpc": {
        "best": 119.61111742703423,
        "n_eps": 12,
        "wall_s": 31.14518666267395
      },
      "delay_s": 0.001
    },
    "0.0100": {
      "sa": {
        "best": 121.3542800227936,
        "n_iter": 48,
        "wall_s": 30.215738773345947
      },
      "mpc": {
        "best": 119.61111742703423,
        "n_eps": 11,
        "wall_s": 31.5825412273407
      },
      "delay_s": 0.01
    },
    "0.0500": {
      "sa": {
        "best": 116.00008020456295,
        "n_iter": 12,
        "wall_s": 32.64117097854614
      },
      "mpc": {
        "best": 119.61111742703423,
        "n_eps": 7,
        "wall_s": 32.674840211868286
      },
      "delay_s": 0.05
    },
    "0.1000": {
      "sa": {
        "best": 88.41803339536686,
        "n_iter": 6,
        "wall_s": 31.359192848205566
      },
      "mpc": {
        "best": 119.61111742703423,
        "n_eps": 5,
        "wall_s": 37.24671196937561
      },
      "delay_s": 0.1
    }
  }
}