{
  "preset_id": "hilly_small_cons",
  "seed": 2,
  "method": "GA",
  "n_blocks": 800,
  "init_slope_deg": 7.036280238405208,
  "final_slope_deg": 7.012108499026323,
  "slope_pct": -0.3435300835084954,
  "init_contiguity": 3.72367849384504,
  "final_contiguity": 3.793482983345402,
  "cont_delta": 0.069804489500362,
  "cont_pct": 1.8746110715058364,
  "init_baimu_count": 70,
  "final_baimu_count": 64,
  "baimu_count_delta": -6,
  "init_baimu_area_ha": 19458.897199158186,
  "final_baimu_area_ha": 19652.403239447427,
  "baimu_area_delta_ha": 193.50604028924107,
  "total_reward": 13.028688431361141,
  "wall_seconds": 24.149245023727417,
  "exchange_pairs_used": 100,
  "extra": {
    "pop_size": 100,
    "generations": 500,
    "best_fitness": 13.028688431361141,
    "ga_elapsed_seconds": 24.149245023727417,
    "ga_final_avg_slope": 7.012108499026323,
    "ga_final_contiguity": 3.793482983345402
  }
}