{
  "preset_id": "hilly_small_cons",
  "seed": 2,
  "method": "GA",
  "n_blocks": 800,
  "init_slope_deg": 7.03628023840521,
  "final_slope_deg": 7.016233508643522,
  "slope_pct": -0.2849052209755625,
  "init_contiguity": 3.7210716871832004,
  "final_contiguity": 3.790586531498914,
  "cont_delta": 0.06951484431571364,
  "cont_pct": 1.8681404168679527,
  "init_baimu_count": 72,
  "final_baimu_count": 67,
  "baimu_count_delta": -5,
  "init_baimu_area_ha": 19458.897199157196,
  "final_baimu_area_ha": 19565.66927549157,
  "baimu_area_delta_ha": 106.77207633437514,
  "total_reward": 12.55672008336629,
  "wall_seconds": 36.354499101638794,
  "exchange_pairs_used": 100,
  "extra": {
    "pop_size": 100,
    "generations": 500,
    "best_fitness": 12.55672008336629,
    "ga_elapsed_seconds": 36.35198163986206,
    "ga_final_avg_slope": 7.016233508643522,
    "ga_final_contiguity": 3.790586531498914
  }
}