{
  "preset_id": "plain_large_cons",
  "seed": 3,
  "method": "GA",
  "n_blocks": 4500,
  "init_slope_deg": 0.5323198132548297,
  "final_slope_deg": 0.5305667695843055,
  "slope_pct": -0.32932151441167423,
  "init_contiguity": 4.220686631297409,
  "final_contiguity": 4.2221423247248655,
  "cont_delta": 0.0014556934274567723,
  "cont_pct": 0.03448949308895632,
  "init_baimu_count": 29,
  "final_baimu_count": 29,
  "baimu_count_delta": 0,
  "init_baimu_area_ha": 163134.85650404872,
  "final_baimu_area_ha": 163155.67003093942,
  "baimu_area_delta_ha": 20.813526890707017,
  "total_reward": 3.508783947627732,
  "wall_seconds": 170.17555236816406,
  "exchange_pairs_used": 100,
  "extra": {
    "pop_size": 100,
    "generations": 500,
    "best_fitness": 3.508783947627732,
    "ga_elapsed_seconds": 170.1596348285675,
    "ga_final_avg_slope": 0.5305667695843055,
    "ga_final_contiguity": 4.2221423247248655
  }
}