{
  "preset_id": "plain_large_cons",
  "seed": 0,
  "method": "Random-Block",
  "n_blocks": 4500,
  "init_slope_deg": 0.5363896447883523,
  "final_slope_deg": 0.536103744925737,
  "slope_pct": -0.05330077964650134,
  "init_contiguity": 4.226438739398646,
  "final_contiguity": 4.227444820008649,
  "cont_delta": 0.0010060806100025133,
  "cont_pct": 0.02380445262919431,
  "init_baimu_count": 32,
  "final_baimu_count": 32,
  "baimu_count_delta": 0,
  "init_baimu_area_ha": 162322.28876546217,
  "final_baimu_area_ha": 162327.04809604236,
  "baimu_area_delta_ha": 4.759330580210686,
  "total_reward": 0.0,
  "wall_seconds": 1.4949352741241455,
  "exchange_pairs_used": 100,
  "extra": {
    "baseline_returned": {
      "slope_change_pct": -0.053300778652806184,
      "cont_change": 0.0010060806100025133,
      "baimu_count_change": 0.0,
      "baimu_area_change_ha": 4.759330580210686,
      "completed_swaps": 35.0,
      "elapsed": 0.002573728561401367,
      "initial_slope": 0.5363896447883523,
      "final_slope": 0.536103744925737,
      "initial_cont": 4.226438739398646,
      "final_cont": 4.227444820008649,
      "initial_baimu_count": 32.0,
      "final_baimu_count": 32.0,
      "seed": 0.0
    }
  }
}