{
  "total_reward": 8590.880008189833,
  "n_selected": 60,
  "n_committed": 60,
  "budget_used": 41698.71109999999,
  "cum_components": {
    "risk_reduction": 2475.1557599999996,
    "habitat_gain": 4433.899925,
    "water_gain": 1680.3836,
    "connectivity": 1.5325,
    "cost_penalty": -0.09177681016645568
  },
  "max_iters": 50,
  "wall_s": 0.1709749698638916
}