{
  "total_reward": 229.73365370086603,
  "n_selected": 50,
  "n_committed": 50,
  "budget_used": 131663.92908949632,
  "cum_components": {
    "risk_index": 142.4228299017041,
    "water_priority": 86.97308433513527,
    "connectivity": 0.4035714285714286,
    "cost_penalty": -0.06583196454474816
  },
  "max_iters": 500,
  "wall_s": 1.6817550659179688
}