{
  "preset_id": "plain_large_cons",
  "seed": 0,
  "method": "Contrastive-MPC",
  "n_blocks": 4500,
  "init_slope_deg": 0.5363896447883524,
  "final_slope_deg": 0.5339526252844924,
  "slope_pct": -0.4543375375603287,
  "init_contiguity": 4.226438739398646,
  "final_contiguity": 4.227250664101455,
  "cont_delta": 0.0008119247028091081,
  "cont_pct": 0.019210610893737236,
  "init_baimu_count": 32,
  "final_baimu_count": 31,
  "baimu_count_delta": -1,
  "init_baimu_area_ha": 162322.28876546217,
  "final_baimu_area_ha": 162372.1980082913,
  "baimu_area_delta_ha": 49.90924282915592,
  "total_reward": 18.46437692771297,
  "wall_seconds": 8011.4313352108,
  "exchange_pairs_used": 51,
  "extra": {
    "n_models": 5,
    "epochs": 30,
    "horizon": 5,
    "top_k": 50,
    "lambda_rank": 5.0,
    "n_states": 1000,
    "n_actions": 50,
    "device": "cpu",
    "data_wall_seconds": 11.39238977432251,
    "train_wall_seconds": 6681.344853878021,
    "eval_wall_seconds": 1318.6940915584564
  }
}