{
  "preset_id": "plain_large_cons",
  "seed": 3,
  "method": "Contrastive-MPC",
  "n_blocks": 4500,
  "init_slope_deg": 0.5323198132547791,
  "final_slope_deg": 0.530159302153572,
  "slope_pct": -0.40586712111972617,
  "init_contiguity": 4.219914938396107,
  "final_contiguity": 4.220949708422853,
  "cont_delta": 0.0010347700267461235,
  "cont_pct": 0.024521110956025688,
  "init_baimu_count": 32,
  "final_baimu_count": 32,
  "baimu_count_delta": 0,
  "init_baimu_area_ha": 163129.21155154821,
  "final_baimu_area_ha": 163147.4308499806,
  "baimu_area_delta_ha": 18.219298432374,
  "total_reward": 16.130188646087426,
  "wall_seconds": 18152.16073179245,
  "exchange_pairs_used": 65,
  "extra": {
    "n_models": 5,
    "epochs": 30,
    "horizon": 5,
    "top_k": 50,
    "lambda_rank": 5.0,
    "n_states": 1000,
    "n_actions": 50,
    "device": "cpu",
    "data_wall_seconds": 13373.110414266586,
    "train_wall_seconds": 3313.554660320282,
    "eval_wall_seconds": 1465.4956572055817
  }
}