{
  "preset_id": "plain_large_cons",
  "seed": 2,
  "method": "Contrastive-MPC",
  "n_blocks": 4500,
  "init_slope_deg": 0.5421834478332119,
  "final_slope_deg": 0.5399147089923316,
  "slope_pct": -0.418444873215351,
  "init_contiguity": 4.220333876798753,
  "final_contiguity": 4.2218579428652445,
  "cont_delta": 0.0015240660664916916,
  "cont_pct": 0.036112452411857406,
  "init_baimu_count": 32,
  "final_baimu_count": 32,
  "baimu_count_delta": 0,
  "init_baimu_area_ha": 162036.4019926447,
  "final_baimu_area_ha": 162070.12089514936,
  "baimu_area_delta_ha": 33.7189025046587,
  "total_reward": 21.93657667216068,
  "wall_seconds": 56992.97596359253,
  "exchange_pairs_used": 55,
  "extra": {
    "n_models": 5,
    "epochs": 30,
    "horizon": 5,
    "top_k": 50,
    "lambda_rank": 5.0,
    "n_states": 1000,
    "n_actions": 50,
    "device": "cpu",
    "data_wall_seconds": 51374.83310127258,
    "train_wall_seconds": 3765.0505497455597,
    "eval_wall_seconds": 1853.0923125743866
  }
}