{
  "preset_id": "plain_large_cons",
  "seed": 4,
  "method": "Contrastive-MPC",
  "n_blocks": 4500,
  "init_slope_deg": 0.5437264178942179,
  "final_slope_deg": 0.541637957818897,
  "slope_pct": -0.3841012697910221,
  "init_contiguity": 4.2216788199178445,
  "final_contiguity": 4.223086192792492,
  "cont_delta": 0.0014073728746470948,
  "cont_pct": 0.03333680583831819,
  "init_baimu_count": 34,
  "final_baimu_count": 35,
  "baimu_count_delta": 1,
  "init_baimu_area_ha": 162563.8185111041,
  "final_baimu_area_ha": 162621.7863128191,
  "baimu_area_delta_ha": 57.967801715016364,
  "total_reward": 20.765263698323768,
  "wall_seconds": 45461.69168138504,
  "exchange_pairs_used": 69,
  "extra": {
    "n_models": 5,
    "epochs": 30,
    "horizon": 5,
    "top_k": 50,
    "lambda_rank": 5.0,
    "n_states": 1000,
    "n_actions": 50,
    "device": "cpu",
    "data_wall_seconds": 34364.513289928436,
    "train_wall_seconds": 9210.46995806694,
    "eval_wall_seconds": 1886.7084333896637
  }
}