{
  "preset_id": "plain_large_cons",
  "seed": 1,
  "method": "Contrastive-MPC",
  "n_blocks": 4500,
  "init_slope_deg": 0.5364863244647212,
  "final_slope_deg": 0.5340220420708197,
  "slope_pct": -0.4593374111372256,
  "init_contiguity": 4.219836256484455,
  "final_contiguity": 4.221124325087342,
  "cont_delta": 0.0012880686028866606,
  "cont_pct": 0.03052413699358412,
  "init_baimu_count": 33,
  "final_baimu_count": 33,
  "baimu_count_delta": 0,
  "init_baimu_area_ha": 162309.48951858195,
  "final_baimu_area_ha": 162351.3450277978,
  "baimu_area_delta_ha": 41.8555092158556,
  "total_reward": 18.523055607414825,
  "wall_seconds": 39394.341342926025,
  "exchange_pairs_used": 56,
  "extra": {
    "n_models": 5,
    "epochs": 30,
    "horizon": 5,
    "top_k": 50,
    "lambda_rank": 5.0,
    "n_states": 1000,
    "n_actions": 50,
    "device": "cpu",
    "data_wall_seconds": 33735.41351771355,
    "train_wall_seconds": 3833.193629026413,
    "eval_wall_seconds": 1825.7341961860657
  }
}