{
  "preset_id": "mixed_medium_frag",
  "seed": 2,
  "method": "GA",
  "n_blocks": 2600,
  "init_slope_deg": 1.7445466953930786,
  "final_slope_deg": 1.7375975801182622,
  "slope_pct": -0.3983335781820784,
  "init_contiguity": 3.9375978658006145,
  "final_contiguity": 3.9450791625587196,
  "cont_delta": 0.007481296758105049,
  "cont_pct": 0.18999646469953232,
  "init_baimu_count": 66,
  "final_baimu_count": 67,
  "baimu_count_delta": 1,
  "init_baimu_area_ha": 72194.40540298817,
  "final_baimu_area_ha": 72286.88619192521,
  "baimu_area_delta_ha": 92.48078893704414,
  "total_reward": 5.112077329115956,
  "wall_seconds": 106.6546106338501,
  "exchange_pairs_used": 100,
  "extra": {
    "pop_size": 100,
    "generations": 500,
    "best_fitness": 5.112077329115956,
    "ga_elapsed_seconds": 106.64842462539673,
    "ga_final_avg_slope": 1.7375975801182622,
    "ga_final_contiguity": 3.9450791625587196
  }
}