{
  "preset_id": "neijiang_clone",
  "seed": 3,
  "method": "Contrastive-MPC",
  "n_blocks": 3700,
  "init_slope_deg": 12.024912883958272,
  "final_slope_deg": 12.020707839179096,
  "slope_pct": -0.03496944069163532,
  "init_contiguity": 3.77603987168951,
  "final_contiguity": 3.7792741443758118,
  "cont_delta": 0.003234272686301942,
  "cont_pct": 0.0856525033537208,
  "init_baimu_count": 254,
  "final_baimu_count": 256,
  "baimu_count_delta": 2,
  "init_baimu_area_ha": 87077.9261672407,
  "final_baimu_area_ha": 87241.69295803567,
  "baimu_area_delta_ha": 163.7667907949686,
  "total_reward": 39.482268437719014,
  "wall_seconds": 21830.082838773727,
  "exchange_pairs_used": 49,
  "extra": {
    "n_models": 5,
    "epochs": 30,
    "horizon": 5,
    "top_k": 50,
    "lambda_rank": 5.0,
    "n_states": 1000,
    "n_actions": 50,
    "device": "cpu",
    "data_wall_seconds": 17521.942484617233,
    "train_wall_seconds": 3117.26353263855,
    "eval_wall_seconds": 1190.8768215179443
  }
}