{
  "preset_id": "neijiang_clone",
  "seed": 1,
  "method": "Contrastive-MPC",
  "n_blocks": 3700,
  "init_slope_deg": 11.944192715814424,
  "final_slope_deg": 11.938684891768927,
  "slope_pct": -0.04611298709375252,
  "init_contiguity": 3.7809247477839594,
  "final_contiguity": 3.783107514573961,
  "cont_delta": 0.0021827667900016223,
  "cont_pct": 0.05773102957174332,
  "init_baimu_count": 245,
  "final_baimu_count": 248,
  "baimu_count_delta": 3,
  "init_baimu_area_ha": 87460.8005987596,
  "final_baimu_area_ha": 87650.50724796206,
  "baimu_area_delta_ha": 189.70664920246602,
  "total_reward": 55.21304065291721,
  "wall_seconds": 18823.055917978287,
  "exchange_pairs_used": 55,
  "extra": {
    "n_models": 5,
    "epochs": 30,
    "horizon": 5,
    "top_k": 50,
    "lambda_rank": 5.0,
    "n_states": 1000,
    "n_actions": 50,
    "device": "cpu",
    "data_wall_seconds": 11750.18252325058,
    "train_wall_seconds": 5068.142724752426,
    "eval_wall_seconds": 2004.7306699752808
  }
}