{
  "preset_id": "neijiang_clone",
  "seed": 2,
  "method": "Contrastive-MPC",
  "n_blocks": 3700,
  "init_slope_deg": 12.625367368443944,
  "final_slope_deg": 12.619194799801967,
  "slope_pct": -0.048890210176419674,
  "init_contiguity": 3.7878795958087825,
  "final_contiguity": 3.789799237475671,
  "cont_delta": 0.0019196416668885163,
  "cont_pct": 0.050678529062663735,
  "init_baimu_count": 240,
  "final_baimu_count": 246,
  "baimu_count_delta": 6,
  "init_baimu_area_ha": 88111.59016147557,
  "final_baimu_area_ha": 88277.44372672687,
  "baimu_area_delta_ha": 165.8535652512908,
  "total_reward": 34.80935403069286,
  "wall_seconds": 31904.2101624012,
  "exchange_pairs_used": 44,
  "extra": {
    "n_models": 5,
    "epochs": 30,
    "horizon": 5,
    "top_k": 50,
    "lambda_rank": 5.0,
    "n_states": 1000,
    "n_actions": 50,
    "device": "cpu",
    "data_wall_seconds": 19567.4842607975,
    "train_wall_seconds": 8789.807294607162,
    "eval_wall_seconds": 3546.9186069965363
  }
}