{
  "preset_id": "neijiang_clone",
  "seed": 4,
  "method": "Contrastive-MPC",
  "n_blocks": 3700,
  "init_slope_deg": 12.692957692416899,
  "final_slope_deg": 12.688206730347082,
  "slope_pct": -0.03742990550307691,
  "init_contiguity": 3.786354713777919,
  "final_contiguity": 3.788529895485172,
  "cont_delta": 0.002175181707252616,
  "cont_pct": 0.05744791140652242,
  "init_baimu_count": 231,
  "final_baimu_count": 233,
  "baimu_count_delta": 2,
  "init_baimu_area_ha": 88608.75932581615,
  "final_baimu_area_ha": 88740.84666313439,
  "baimu_area_delta_ha": 132.0873373182416,
  "total_reward": 43.714493555307165,
  "wall_seconds": 21917.966980934143,
  "exchange_pairs_used": 46,
  "extra": {
    "n_models": 5,
    "epochs": 30,
    "horizon": 5,
    "top_k": 50,
    "lambda_rank": 5.0,
    "n_states": 1000,
    "n_actions": 50,
    "device": "cpu",
    "data_wall_seconds": 12850.236285924911,
    "train_wall_seconds": 6407.806441307068,
    "eval_wall_seconds": 2659.9242537021637
  }
}