{
  "preset_id": "neijiang_clone",
  "seed": 0,
  "method": "Contrastive-MPC",
  "n_blocks": 3700,
  "init_slope_deg": 12.388139691908997,
  "final_slope_deg": 12.383874450623114,
  "slope_pct": -0.03443003866567522,
  "init_contiguity": 3.804941207557141,
  "final_contiguity": 3.806896551724138,
  "cont_delta": 0.0019553441669968308,
  "cont_pct": 0.051389602498306305,
  "init_baimu_count": 228,
  "final_baimu_count": 238,
  "baimu_count_delta": 10,
  "init_baimu_area_ha": 89595.09432512993,
  "final_baimu_area_ha": 89781.50447481571,
  "baimu_area_delta_ha": 186.41014968577625,
  "total_reward": 64.6674731378278,
  "wall_seconds": 31521.07347726822,
  "exchange_pairs_used": 43,
  "extra": {
    "n_models": 5,
    "epochs": 30,
    "horizon": 5,
    "top_k": 50,
    "lambda_rank": 5.0,
    "n_states": 1000,
    "n_actions": 50,
    "device": "cpu",
    "data_wall_seconds": 19069.545637130737,
    "train_wall_seconds": 8854.77616930008,
    "eval_wall_seconds": 3596.7516708374023
  }
}