{
  "preset_id": "plain_small_cons",
  "seed": 2,
  "method": "Greedy-Sequential",
  "n_blocks": 800,
  "init_slope_deg": 0.548734966739265,
  "final_slope_deg": 0.542450705286426,
  "slope_pct": -1.1452270829726456,
  "init_contiguity": 4.072398190045249,
  "final_contiguity": 4.074771901194273,
  "cont_delta": 0.0023737111490245155,
  "cont_pct": 0.05828779584958419,
  "init_baimu_count": 10,
  "final_baimu_count": 10,
  "baimu_count_delta": 0,
  "init_baimu_area_ha": 27253.44423624341,
  "final_baimu_area_ha": 27255.36487631508,
  "baimu_area_delta_ha": 1.9206400716722012,
  "total_reward": 0.0,
  "wall_seconds": 0.4836103916168213,
  "exchange_pairs_used": 100,
  "extra": {
    "baseline_returned": {
      "slope_change_pct": -1.1452270621023322,
      "cont_change": 0.0023737111490245155,
      "baimu_count_change": 0.0,
      "baimu_area_change_ha": 1.9206400716722012,
      "completed_swaps": 23.0,
      "elapsed": 0.3662405014038086,
      "initial_slope": 0.548734966739265,
      "final_slope": 0.542450705286426,
      "initial_cont": 4.072398190045249,
      "final_cont": 4.074771901194273,
      "initial_baimu_count": 10.0,
      "final_baimu_count": 10.0
    }
  }
}