{
  "preset_id": "plain_small_cons",
  "seed": 4,
  "method": "Contrastive-MPC",
  "n_blocks": 800,
  "init_slope_deg": 0.5589649794568355,
  "final_slope_deg": 0.5481508418795943,
  "slope_pct": -1.9346717548834107,
  "init_contiguity": 4.082104008344509,
  "final_contiguity": 4.089554462822232,
  "cont_delta": 0.0074504544777225234,
  "cont_pct": 0.18251505704511772,
  "init_baimu_count": 8,
  "final_baimu_count": 10,
  "baimu_count_delta": 2,
  "init_baimu_area_ha": 27528.183853447652,
  "final_baimu_area_ha": 27548.221167185307,
  "baimu_area_delta_ha": 20.037313737654685,
  "total_reward": 88.19852019266524,
  "wall_seconds": 6748.441576719284,
  "exchange_pairs_used": 49,
  "extra": {
    "n_models": 5,
    "epochs": 30,
    "horizon": 5,
    "top_k": 50,
    "lambda_rank": 5.0,
    "n_states": 1000,
    "n_actions": 50,
    "device": "cpu",
    "data_wall_seconds": 4557.983937501907,
    "train_wall_seconds": 1664.2852652072906,
    "eval_wall_seconds": 526.1723740100861
  }
}