{
  "preset_id": "plain_small_cons",
  "seed": 1,
  "method": "Contrastive-MPC",
  "n_blocks": 800,
  "init_slope_deg": 0.5363261651818572,
  "final_slope_deg": 0.523557200840234,
  "slope_pct": -2.380820696542638,
  "init_contiguity": 4.07451212300414,
  "final_contiguity": 4.0796865759905385,
  "cont_delta": 0.0051744529863988475,
  "cont_pct": 0.12699564555189385,
  "init_baimu_count": 17,
  "final_baimu_count": 17,
  "baimu_count_delta": 0,
  "init_baimu_area_ha": 26874.16067134914,
  "final_baimu_area_ha": 26893.450879456286,
  "baimu_area_delta_ha": 19.2902081071496,
  "total_reward": 100.39589728875131,
  "wall_seconds": 5925.5919024944305,
  "exchange_pairs_used": 43,
  "extra": {
    "n_models": 5,
    "epochs": 30,
    "horizon": 5,
    "top_k": 50,
    "lambda_rank": 5.0,
    "n_states": 1000,
    "n_actions": 50,
    "device": "cpu",
    "data_wall_seconds": 4343.4002821445465,
    "train_wall_seconds": 1187.881331205368,
    "eval_wall_seconds": 394.310289144516
  }
}