{
  "preset_id": "plain_small_cons",
  "seed": 0,
  "method": "Contrastive-MPC",
  "n_blocks": 800,
  "init_slope_deg": 0.536383543298649,
  "final_slope_deg": 0.5242008674164216,
  "slope_pct": -2.2712620538852613,
  "init_contiguity": 4.082006608591168,
  "final_contiguity": 4.088915590267348,
  "cont_delta": 0.006908981676179593,
  "cont_pct": 0.16925454370194296,
  "init_baimu_count": 17,
  "final_baimu_count": 14,
  "baimu_count_delta": -3,
  "init_baimu_area_ha": 27405.667470869164,
  "final_baimu_area_ha": 27466.88709429105,
  "baimu_area_delta_ha": 61.21962342188358,
  "total_reward": 93.94746228940237,
  "wall_seconds": 9644.481961965561,
  "exchange_pairs_used": 49,
  "extra": {
    "n_models": 5,
    "epochs": 30,
    "horizon": 5,
    "top_k": 50,
    "lambda_rank": 5.0,
    "n_states": 1000,
    "n_actions": 50,
    "device": "cpu",
    "data_wall_seconds": 6876.2960658073425,
    "train_wall_seconds": 2046.6257450580597,
    "eval_wall_seconds": 721.5601511001587
  }
}