{
  "preset_id": "plain_small_cons",
  "seed": 3,
  "method": "Contrastive-MPC",
  "n_blocks": 800,
  "init_slope_deg": 0.5517355463232152,
  "final_slope_deg": 0.5402915419645333,
  "slope_pct": -2.0741829006568655,
  "init_contiguity": 4.068170055452865,
  "final_contiguity": 4.073641404805915,
  "cont_delta": 0.005471349353050492,
  "cont_pct": 0.13449165755172104,
  "init_baimu_count": 13,
  "final_baimu_count": 15,
  "baimu_count_delta": 2,
  "init_baimu_area_ha": 26949.460531237757,
  "final_baimu_area_ha": 26973.34893836728,
  "baimu_area_delta_ha": 23.88840712952018,
  "total_reward": 96.87553808940615,
  "wall_seconds": 7257.839434862137,
  "exchange_pairs_used": 49,
  "extra": {
    "n_models": 5,
    "epochs": 30,
    "horizon": 5,
    "top_k": 50,
    "lambda_rank": 5.0,
    "n_states": 1000,
    "n_actions": 50,
    "device": "cpu",
    "data_wall_seconds": 6288.225252628326,
    "train_wall_seconds": 668.4912223815918,
    "eval_wall_seconds": 301.1229598522186
  }
}