{
  "preset_id": "plain_small_cons",
  "seed": 2,
  "method": "Contrastive-MPC",
  "n_blocks": 800,
  "init_slope_deg": 0.5487349667393503,
  "final_slope_deg": 0.535178045944527,
  "slope_pct": -2.4705771668570997,
  "init_contiguity": 4.069282694162154,
  "final_contiguity": 4.078184110970996,
  "cont_delta": 0.008901416808842377,
  "cont_pct": 0.21874658154710677,
  "init_baimu_count": 12,
  "final_baimu_count": 13,
  "baimu_count_delta": 1,
  "init_baimu_area_ha": 27253.44423624316,
  "final_baimu_area_ha": 27281.394150999407,
  "baimu_area_delta_ha": 27.949914756250383,
  "total_reward": 103.818302191291,
  "wall_seconds": 9650.878667116165,
  "exchange_pairs_used": 53,
  "extra": {
    "n_models": 5,
    "epochs": 30,
    "horizon": 5,
    "top_k": 50,
    "lambda_rank": 5.0,
    "n_states": 1000,
    "n_actions": 50,
    "device": "cpu",
    "data_wall_seconds": 6972.03017950058,
    "train_wall_seconds": 1987.6745731830597,
    "eval_wall_seconds": 691.1739144325256
  }
}