{
  "total_reward": 81.1059122354436,
  "n_selected": 50,
  "n_committed": 50,
  "budget_used": 127992.43830946986,
  "cum_components": {
    "risk_index": 29.745639672132647,
    "water_priority": 33.72843544913237,
    "connectivity": 17.695833333333333,
    "cost_penalty": -0.06399621915473491
  },
  "max_iters": 200,
  "wall_s": 0.6974730491638184
}