{
  "total_reward": 81.92713154271102,
  "n_selected": 50,
  "n_committed": 50,
  "budget_used": 131873.53484004858,
  "cum_components": {
    "risk_index": 31.403528849964218,
    "water_priority": 33.564539460166856,
    "connectivity": 17.024999999999995,
    "cost_penalty": -0.06593676742002427
  },
  "max_iters": 300,
  "wall_s": 1.045924186706543
}