{
  "total_reward": 85.39644083133604,
  "n_selected": 50,
  "n_committed": 50,
  "budget_used": 104631.38270860931,
  "cum_components": {
    "risk_index": 27.975200019501344,
    "water_priority": 34.87772316985568,
    "connectivity": 22.595833333333335,
    "cost_penalty": -0.05231569135430464
  },
  "max_iters": 500,
  "wall_s": 1.7400219440460205
}