{
  "case": "synthetic",
  "weights": {
    "risk_dominant": {
      "risk": 0.7,
      "water": 0.1,
      "conn": 0.1,
      "cost": -0.1
    },
    "water_dominant": {
      "risk": 0.1,
      "water": 0.7,
      "conn": 0.1,
      "cost": -0.1
    },
    "conn_dominant": {
      "risk": 0.1,
      "water": 0.1,
      "conn": 0.7,
      "cost": -0.1
    },
    "cost_dominant": {
      "risk": 0.2,
      "water": 0.2,
      "conn": 0.1,
      "cost": -0.5
    },
    "balanced": {
      "risk": 0.25,
      "water": 0.25,
      "conn": 0.25,
      "cost": -0.25
    },
    "default": {
      "risk": 0.45,
      "water": 0.25,
      "conn": 0.2,
      "cost": -0.1
    },
    "no_cost": {
      "risk": 0.45,
      "water": 0.25,
      "conn": 0.2,
      "cost": 0.0
    }
  },
  "results": {
    "risk_dominant": {
      "total_reward": 10225.84396818983,
      "n_committed": 60,
      "n_selected": 60,
      "budget_used": 41698.71109999999,
      "cum_components": {
        "risk_reduction": 4950.311519999999,
        "habitat_gain": 4433.899925,
        "water_gain": 840.1918,
        "connectivity": 1.5325,
        "cost_penalty": -0.09177681016645568
      }
    },
    "water_dominant": {
      "total_reward": 11023.870608189833,
      "n_committed": 60,
      "n_selected": 60,
      "budget_used": 41698.71109999999,
      "cum_components": {
        "risk_reduction": 707.1873600000002,
        "habitat_gain": 4433.899925,
        "water_gain": 5881.342600000001,
        "connectivity": 1.5325,
        "cost_penalty": -0.09177681016645568
      }
    },
    "conn_dominant": {
      "total_reward": 5991.914808189835,
      "n_committed": 60,
      "n_selected": 60,
      "budget_used": 41698.71109999999,
      "cum_components": {
        "risk_reduction": 707.1873600000002,
        "habitat_gain": 4433.899925,
        "water_gain": 840.1918,
        "connectivity": 10.7275,
        "cost_penalty": -0.09177681016645568
      }
    },
    "cost_dominant": {
      "total_reward": 7529.731860949167,
      "n_committed": 60,
      "n_selected": 60,
      "budget_used": 41698.71109999999,
      "cum_components": {
        "risk_reduction": 1414.3747200000005,
        "habitat_gain": 4433.899925,
        "water_gain": 1680.3836,
        "connectivity": 1.5325,
        "cost_penalty": -0.4588840508322785
      }
    },
    "balanced": {
      "total_reward": 8305.949632974583,
      "n_committed": 60,
      "n_selected": 60,
      "budget_used": 41698.71109999999,
      "cum_components": {
        "risk_reduction": 1767.9684000000002,
        "habitat_gain": 4433.899925,
        "water_gain": 2100.479500000001,
        "connectivity": 3.83125,
        "cost_penalty": -0.22944202541613926
      }
    },
    "default": {
      "total_reward": 9719.695768189831,
      "n_committed": 60,
      "n_selected": 60,
      "budget_used": 41698.71109999999,
      "cum_components": {
        "risk_reduction": 3182.34312,
        "habitat_gain": 4433.899925,
        "water_gain": 2100.479500000001,
        "connectivity": 3.065,
        "cost_penalty": -0.09177681016645568
      }
    },
    "no_cost": {
      "total_reward": 9719.787545000001,
      "n_committed": 60,
      "n_selected": 60,
      "budget_used": 41698.71109999999,
      "cum_components": {
        "risk_reduction": 3182.34312,
        "habitat_gain": 4433.899925,
        "water_gain": 2100.479500000001,
        "connectivity": 3.065,
        "cost_penalty": 0.0
      }
    }
  }
}