{
  "label": "synthetic-mse-only",
  "n_blocks": 420,
  "members": [
    {
      "ndcg@1_mean": 0.9995047007197365,
      "ndcg@1_median": 1.0,
      "ndcg@1_std": 0.003023617369175946,
      "ndcg@5_mean": 0.9995305636269847,
      "ndcg@5_median": 0.999988177443701,
      "ndcg@5_std": 0.0009625830404660046,
      "ndcg@10_mean": 0.9995449454390537,
      "ndcg@10_median": 0.9998427011509257,
      "ndcg@10_std": 0.0007000321342050876,
      "ndcg@50_mean": 0.9998120859330724,
      "ndcg@50_median": 0.9998599973421574,
      "ndcg@50_std": 0.00016895814056003765,
      "precision@1_mean": 0.939,
      "precision@1_median": 1.0,
      "precision@1_std": 0.23933031567271204,
      "precision@5_mean": 0.9584000000000001,
      "precision@5_median": 1.0,
      "precision@5_std": 0.08166663945577776,
      "precision@10_mean": 0.9666000000000001,
      "precision@10_median": 1.0,
      "precision@10_std": 0.050044380303886256,
      "precision@50_mean": 1.0,
      "precision@50_median": 1.0,
      "precision@50_std": 0.0,
      "regret@1_mean": 0.001233490824699402,
      "regret@1_median": 0.0,
      "regret@1_std": 0.007426516005266768,
      "regret@5_mean": 0.0012151947617530822,
      "regret@5_median": 0.0,
      "regret@5_std": 0.0034377440740136866,
      "regret@10_mean": 0.0014275971055030822,
      "regret@10_median": 0.0,
      "regret@10_std": 0.0031119272418363778,
      "regret@50_mean": 0.06066666662693024,
      "regret@50_median": 0.0,
      "regret@50_std": 0.31629381555147135,
      "spearman_mean": 0.9945410804321727,
      "spearman_median": 0.9950060024009604,
      "spearman_std": 0.0022388936276700757,
      "kendall_mean": 0.9539346938775509,
      "kendall_median": 0.9542857142857143,
      "kendall_std": 0.011031562004836628,
      "pairwise_acc": [],
      "pred_reward_std_mean": 34.37659073257446,
      "pred_reward_std_median": 34.397422790527344,
      "pred_reward_std_std": 3.0168626391502738,
      "pairwise_acc_total": 0.9769673469387755,
      "pairwise_acc_n_pairs": 1225000
    },
    {
      "ndcg@1_mean": 0.998946438318296,
      "ndcg@1_median": 1.0,
      "ndcg@1_std": 0.004841564712456121,
      "ndcg@5_mean": 0.9993792283180426,
      "ndcg@5_median": 0.9999154340796785,
      "ndcg@5_std": 0.0011092429393836033,
      "ndcg@10_mean": 0.9993883885466928,
      "ndcg@10_median": 0.9997297913102763,
      "ndcg@10_std": 0.0007990539718658668,
      "ndcg@50_mean": 0.9997590411370347,
      "ndcg@50_median": 0.9998282703236372,
      "ndcg@50_std": 0.00024045504476253492,
      "precision@1_mean": 0.927,
      "precision@1_median": 1.0,
      "precision@1_std": 0.26013650262890825,
      "precision@5_mean": 0.9542,
      "precision@5_median": 1.0,
      "precision@5_std": 0.08592066107753127,
      "precision@10_mean": 0.9623,
      "precision@10_median": 1.0,
      "precision@10_std": 0.0522370558128997,
      "precision@50_mean": 1.0,
      "precision@50_median": 1.0,
      "precision@50_std": 0.0,
      "regret@1_mean": 0.0026399639248847963,
      "regret@1_median": 0.0,
      "regret@1_std": 0.0120490717632589,
      "regret@5_mean": 0.0013052233457565307,
      "regret@5_median": 0.0,
      "regret@5_std": 0.0035440291053933045,
      "regret@10_mean": 0.001712098479270935,
      "regret@10_median": 0.0,
      "regret@10_std": 0.003262164809859117,
      "regret@50_mean": 0.0835,
      "regret@50_median": 0.0,
      "regret@50_std": 0.3244653294267355,
      "spearman_mean": 0.9943480432172869,
      "spearman_median": 0.9947178871548619,
      "spearman_std": 0.0021665355463464354,
      "kendall_mean": 0.9526742857142856,
      "kendall_median": 0.9542857142857143,
      "kendall_std": 0.010942531307711256,
      "pairwise_acc": [],
      "pred_reward_std_mean": 34.10210222434998,
      "pred_reward_std_median": 34.10179328918457,
      "pred_reward_std_std": 2.9856297814511685,
      "pairwise_acc_total": 0.9763371428571429,
      "pairwise_acc_n_pairs": 1225000
    },
    {
      "ndcg@1_mean": 0.9993581706541093,
      "ndcg@1_median": 1.0,
      "ndcg@1_std": 0.0034698706100856408,
      "ndcg@5_mean": 0.9994478060632295,
      "ndcg@5_median": 0.9999397440967304,
      "ndcg@5_std": 0.0010405365682800683,
      "ndcg@10_mean": 0.9993482388613187,
      "ndcg@10_median": 0.9997348063461372,
      "ndcg@10_std": 0.000856728589490146,
      "ndcg@50_mean": 0.9997533814006357,
      "ndcg@50_median": 0.9998024701256696,
      "ndcg@50_std": 0.0001870943720564945,
      "precision@1_mean": 0.933,
      "precision@1_median": 1.0,
      "precision@1_std": 0.25002199903208516,
      "precision@5_mean": 0.9518000000000002,
      "precision@5_median": 1.0,
      "precision@5_std": 0.08600441849114496,
      "precision@10_mean": 0.9589000000000001,
      "precision@10_median": 1.0,
      "precision@10_std": 0.0536729913457411,
      "precision@50_mean": 1.0,
      "precision@50_median": 1.0,
      "precision@50_std": 0.0,
      "regret@1_mean": 0.0016789074540138245,
      "regret@1_median": 0.0,
      "regret@1_std": 0.009060414229818852,
      "regret@5_mean": 0.0014647642374038697,
      "regret@5_median": 0.0,
      "regret@5_std": 0.00381088074414154,
      "regret@10_mean": 0.0022190176248550416,
      "regret@10_median": 0.0,
      "regret@10_std": 0.003952045707970089,
      "regret@50_mean": 0.07216666662693023,
      "regret@50_median": 0.0,
      "regret@50_std": 0.3290352479958473,
      "spearman_mean": 0.9931115486194477,
      "spearman_median": 0.9937575030012005,
      "spearman_std": 0.002715943504320934,
      "kendall_mean": 0.9460897959183673,
      "kendall_median": 0.9477551020408163,
      "kendall_std": 0.012253776373098824,
      "pairwise_acc": [],
      "pred_reward_std_mean": 34.09575046157837,
      "pred_reward_std_median": 34.14776611328125,
      "pred_reward_std_std": 3.057622497003786,
      "pairwise_acc_total": 0.9730448979591837,
      "pairwise_acc_n_pairs": 1225000
    }
  ],
  "ensemble_mean": {
    "ndcg@1_mean": 0.9992697698973805,
    "ndcg@5_mean": 0.9994525326694189,
    "ndcg@10_mean": 0.9994271909490218,
    "ndcg@50_mean": 0.9997748361569143,
    "precision@1_mean": 0.9330000000000002,
    "precision@5_mean": 0.9548000000000002,
    "precision@10_mean": 0.9626000000000001,
    "precision@50_mean": 1.0,
    "regret@1_mean": 0.001850787401199341,
    "regret@5_mean": 0.001328394114971161,
    "regret@10_mean": 0.0017862377365430195,
    "regret@50_mean": 0.07211111108462015,
    "spearman_mean": 0.9940002240896358,
    "kendall_mean": 0.9508995918367346,
    "pred_reward_std_mean": 34.191481139500944,
    "pairwise_acc_total": 0.9754497959183673
  }
}