{
  "label": "synthetic-contrastive",
  "n_blocks": 420,
  "members": [
    {
      "ndcg@1_mean": 0.9995333958962239,
      "ndcg@1_median": 1.0,
      "ndcg@1_std": 0.002936581963193262,
      "ndcg@5_mean": 0.9996132675314005,
      "ndcg@5_median": 1.0,
      "ndcg@5_std": 0.000842168261370807,
      "ndcg@10_mean": 0.9996581508189256,
      "ndcg@10_median": 0.999892936085095,
      "ndcg@10_std": 0.000534043462028684,
      "ndcg@50_mean": 0.9998662791578667,
      "ndcg@50_median": 0.999906430581246,
      "ndcg@50_std": 0.00015164369827073352,
      "precision@1_mean": 0.939,
      "precision@1_median": 1.0,
      "precision@1_std": 0.23933031567271204,
      "precision@5_mean": 0.9616000000000001,
      "precision@5_median": 1.0,
      "precision@5_std": 0.07928076689840984,
      "precision@10_mean": 0.9707,
      "precision@10_median": 1.0,
      "precision@10_std": 0.04702669454682095,
      "precision@50_mean": 1.0,
      "precision@50_median": 1.0,
      "precision@50_std": 0.0,
      "regret@1_mean": 0.001152740716934204,
      "regret@1_median": 0.0,
      "regret@1_std": 0.007143692301836963,
      "regret@5_mean": 0.0010049070715904237,
      "regret@5_median": 0.0,
      "regret@5_std": 0.0029285541444496665,
      "regret@10_mean": 0.00100882089138031,
      "regret@10_median": 0.0,
      "regret@10_std": 0.0022111580742991423,
      "regret@50_mean": 0.06633333331346512,
      "regret@50_median": 0.0,
      "regret@50_std": 0.3133863430167153,
      "spearman_mean": 0.9961719087635054,
      "spearman_median": 0.9964465786314525,
      "spearman_std": 0.0015707622324290902,
      "kendall_mean": 0.9633404081632653,
      "kendall_median": 0.9640816326530611,
      "kendall_std": 0.009308397000944758,
      "pairwise_acc": [],
      "pred_reward_std_mean": 34.323328060150146,
      "pred_reward_std_median": 34.391923904418945,
      "pred_reward_std_std": 3.01907820867588,
      "pairwise_acc_total": 0.9816702040816326,
      "pairwise_acc_n_pairs": 1225000
    },
    {
      "ndcg@1_mean": 0.9989983033352436,
      "ndcg@1_median": 1.0,
      "ndcg@1_std": 0.00470865679354976,
      "ndcg@5_mean": 0.9994443725730017,
      "ndcg@5_median": 0.9999484469008565,
      "ndcg@5_std": 0.0010563762500380774,
      "ndcg@10_mean": 0.9994870926479407,
      "ndcg@10_median": 0.9998357764373963,
      "ndcg@10_std": 0.0007919204170161059,
      "ndcg@50_mean": 0.9998090856183629,
      "ndcg@50_median": 0.9998810042799784,
      "ndcg@50_std": 0.00023955111757801943,
      "precision@1_mean": 0.929,
      "precision@1_median": 1.0,
      "precision@1_std": 0.2568248430350927,
      "precision@5_mean": 0.9556000000000001,
      "precision@5_median": 1.0,
      "precision@5_std": 0.08407520443031939,
      "precision@10_mean": 0.968,
      "precision@10_median": 1.0,
      "precision@10_std": 0.04995998398718717,
      "precision@50_mean": 1.0,
      "precision@50_median": 1.0,
      "precision@50_std": 0.0,
      "regret@1_mean": 0.002489599704742432,
      "regret@1_median": 0.0,
      "regret@1_std": 0.01152866503807444,
      "regret@5_mean": 0.0011715128421783446,
      "regret@5_median": 0.0,
      "regret@5_std": 0.0032452072924300563,
      "regret@10_mean": 0.001376047670841217,
      "regret@10_median": 0.0,
      "regret@10_std": 0.003155756028369716,
      "regret@50_mean": 0.05316666662693024,
      "regret@50_median": 0.0,
      "regret@50_std": 0.31881895764761564,
      "spearman_mean": 0.9961122689075629,
      "spearman_median": 0.9963505402160864,
      "spearman_std": 0.001566867965205838,
      "kendall_mean": 0.9632783673469387,
      "kendall_median": 0.9640816326530611,
      "kendall_std": 0.009422818069709517,
      "pairwise_acc": [],
      "pred_reward_std_mean": 34.10960417938232,
      "pred_reward_std_median": 34.11893081665039,
      "pred_reward_std_std": 3.0045391086922546,
      "pairwise_acc_total": 0.9816391836734694,
      "pairwise_acc_n_pairs": 1225000
    },
    {
      "ndcg@1_mean": 0.9998333291576746,
      "ndcg@1_median": 1.0,
      "ndcg@1_std": 0.0011549427143317528,
      "ndcg@5_mean": 0.9996963604381528,
      "ndcg@5_median": 1.0,
      "ndcg@5_std": 0.0006528593004829563,
      "ndcg@10_mean": 0.9996177548468442,
      "ndcg@10_median": 0.9998796333603013,
      "ndcg@10_std": 0.0005560470210786827,
      "ndcg@50_mean": 0.9998589149489807,
      "ndcg@50_median": 0.9998796459661621,
      "ndcg@50_std": 8.550671112357222e-05,
      "precision@1_mean": 0.959,
      "precision@1_median": 1.0,
      "precision@1_std": 0.198290191386261,
      "precision@5_mean": 0.9614000000000001,
      "precision@5_median": 1.0,
      "precision@5_std": 0.07893060243023613,
      "precision@10_mean": 0.9664,
      "precision@10_median": 1.0,
      "precision@10_std": 0.0501102783867741,
      "precision@50_mean": 1.0,
      "precision@50_median": 1.0,
      "precision@50_std": 0.0,
      "regret@1_mean": 0.0004407269954681396,
      "regret@1_median": 0.0,
      "regret@1_std": 0.0030684728493350897,
      "regret@5_mean": 0.0009136642813682556,
      "regret@5_median": 0.0,
      "regret@5_std": 0.0026311939894543236,
      "regret@10_mean": 0.0013907610774040221,
      "regret@10_median": 0.0,
      "regret@10_std": 0.0027467295536121447,
      "regret@50_mean": 0.07683333331346512,
      "regret@50_median": 0.0,
      "regret@50_std": 0.3216484882442441,
      "spearman_mean": 0.9953374309723889,
      "spearman_median": 0.9956782713085233,
      "spearman_std": 0.0018318924289783777,
      "kendall_mean": 0.958349387755102,
      "kendall_median": 0.9591836734693877,
      "kendall_std": 0.009920819920166869,
      "pairwise_acc": [],
      "pred_reward_std_mean": 34.156571189880374,
      "pred_reward_std_median": 34.1489143371582,
      "pred_reward_std_std": 3.0323336756712305,
      "pairwise_acc_total": 0.9791746938775511,
      "pairwise_acc_n_pairs": 1225000
    }
  ],
  "ensemble_mean": {
    "ndcg@1_mean": 0.9994550094630474,
    "ndcg@5_mean": 0.9995846668475182,
    "ndcg@10_mean": 0.9995876661045702,
    "ndcg@50_mean": 0.9998447599084034,
    "precision@1_mean": 0.9423333333333334,
    "precision@5_mean": 0.9595333333333335,
    "precision@10_mean": 0.9683666666666667,
    "precision@50_mean": 1.0,
    "regret@1_mean": 0.0013610224723815919,
    "regret@5_mean": 0.0010300280650456747,
    "regret@10_mean": 0.0012585432132085166,
    "regret@50_mean": 0.0654444444179535,
    "spearman_mean": 0.9958738695478191,
    "kendall_mean": 0.9616560544217686,
    "pred_reward_std_mean": 34.19650114313762,
    "pairwise_acc_total": 0.9808280272108844
  }
}