{
  "case": "synthetic",
  "wall_budget_s": 30.0,
  "sweep": {
    "0.0000": {
      "sa": {
        "best": 8979.485456241295,
        "n_iter": 10657,
        "wall_s": 30.001976013183594
      },
      "mpc": {
        "best": 8239.533169977645,
        "n_eps": 16,
        "wall_s": 30.95769429206848
      },
      "delay_s": 0.0
    },
    "0.0010": {
      "sa": {
        "best": 8736.96267737248,
        "n_iter": 301,
        "wall_s": 30.060356855392456
      },
      "mpc": {
        "best": 8239.533169977645,
        "n_eps": 16,
        "wall_s": 31.376692056655884
      },
      "delay_s": 0.001
    },
    "0.0100": {
      "sa": {
        "best": 8590.880008189833,
        "n_iter": 36,
        "wall_s": 30.670117139816284
      },
      "mpc": {
        "best": 8239.533169977645,
        "n_eps": 14,
        "wall_s": 31.74604082107544
      },
      "delay_s": 0.01
    },
    "0.0500": {
      "sa": {
        "best": 8590.880008189833,
        "n_iter": 9,
        "wall_s": 30.855846881866455
      },
      "mpc": {
        "best": 8178.709748684388,
        "n_eps": 7,
        "wall_s": 31.607176303863525
      },
      "delay_s": 0.05
    },
    "0.1000": {
      "sa": {
        "best": 8590.880008189833,
        "n_iter": 5,
        "wall_s": 32.258556842803955
      },
      "mpc": {
        "best": 8178.709748684388,
        "n_eps": 5,
        "wall_s": 36.151288747787476
      },
      "delay_s": 0.1
    }
  }
}