{
  "preset_id": "plain_medium_frag",
  "seed": 4,
  "method": "Random-Block",
  "n_blocks": 2600,
  "init_slope_deg": 0.7195073903258145,
  "final_slope_deg": 0.718625368614891,
  "slope_pct": -0.12258688691495385,
  "init_contiguity": 4.091718426501036,
  "final_contiguity": 4.093540372670807,
  "cont_delta": 0.0018219461697714934,
  "cont_pct": 0.04452765257546656,
  "init_baimu_count": 49,
  "final_baimu_count": 50,
  "baimu_count_delta": 1,
  "init_baimu_area_ha": 78711.39674973016,
  "final_baimu_area_ha": 78735.0167014201,
  "baimu_area_delta_ha": 23.61995168992281,
  "total_reward": 0.0,
  "wall_seconds": 0.48366332054138184,
  "exchange_pairs_used": 100,
  "extra": {
    "baseline_returned": {
      "slope_change_pct": -0.12258688521119254,
      "cont_change": 0.0018219461697714934,
      "baimu_count_change": 1.0,
      "baimu_area_change_ha": 23.61995168992281,
      "completed_swaps": 27.0,
      "elapsed": 0.0013127326965332031,
      "initial_slope": 0.7195073903258145,
      "final_slope": 0.718625368614891,
      "initial_cont": 4.091718426501036,
      "final_cont": 4.093540372670807,
      "initial_baimu_count": 49.0,
      "final_baimu_count": 50.0,
      "seed": 4.0
    }
  }
}