{
  "preset_id": "plain_medium_frag",
  "seed": 2,
  "method": "Random-Block",
  "n_blocks": 2600,
  "init_slope_deg": 0.7134345028849062,
  "final_slope_deg": 0.7124337933762036,
  "slope_pct": -0.1402664862234742,
  "init_contiguity": 4.097601044672381,
  "final_contiguity": 4.100002106194317,
  "cont_delta": 0.0024010615219358655,
  "cont_pct": 0.05859676161489663,
  "init_baimu_count": 36,
  "final_baimu_count": 36,
  "baimu_count_delta": 0,
  "init_baimu_area_ha": 79850.94575132677,
  "final_baimu_area_ha": 79872.42910402198,
  "baimu_area_delta_ha": 21.483352695214748,
  "total_reward": 0.0,
  "wall_seconds": 0.5104660987854004,
  "exchange_pairs_used": 100,
  "extra": {
    "baseline_returned": {
      "slope_change_pct": -0.14026648425740046,
      "cont_change": 0.0024010615219358655,
      "baimu_count_change": 0.0,
      "baimu_area_change_ha": 21.483352695214748,
      "completed_swaps": 39.0,
      "elapsed": 0.002822399139404297,
      "initial_slope": 0.7134345028849062,
      "final_slope": 0.7124337933762036,
      "initial_cont": 4.097601044672381,
      "final_cont": 4.100002106194317,
      "initial_baimu_count": 36.0,
      "final_baimu_count": 36.0,
      "seed": 2.0
    }
  }
}