{
  "label": "buchanan_va-watershed-lam5",
  "n_blocks": 562,
  "members": [
    {
      "ndcg@1_mean": 0.9955234331675464,
      "ndcg@1_median": 1.0,
      "ndcg@1_std": 0.01754448499499785,
      "ndcg@5_mean": 0.9962229150622072,
      "ndcg@5_median": 0.9991099431207069,
      "ndcg@5_std": 0.006891710393123669,
      "ndcg@10_mean": 0.9966045061079228,
      "ndcg@10_median": 0.998511711619825,
      "ndcg@10_std": 0.004812246361492412,
      "ndcg@50_mean": 0.9987269386186968,
      "ndcg@50_median": 0.9992848470343134,
      "ndcg@50_std": 0.0016984411716921733,
      "precision@1_mean": 0.904,
      "precision@1_median": 1.0,
      "precision@1_std": 0.2945912422323515,
      "precision@5_mean": 0.883,
      "precision@5_median": 0.8,
      "precision@5_std": 0.1269291140755343,
      "precision@10_mean": 0.9167000000000002,
      "precision@10_median": 0.9,
      "precision@10_std": 0.07623063688570364,
      "precision@50_mean": 1.0,
      "precision@50_median": 1.0,
      "precision@50_std": 0.0,
      "regret@1_mean": 0.010150277853012086,
      "regret@1_median": 0.0,
      "regret@1_std": 0.03920919632916794,
      "regret@5_mean": 0.009133853316307068,
      "regret@5_median": 8.39531421661377e-05,
      "regret@5_std": 0.019090946056596465,
      "regret@10_mean": 0.009195728480815887,
      "regret@10_median": 0.0023903250694274902,
      "regret@10_std": 0.015342525770974351,
      "regret@50_mean": 0.07066666656732559,
      "regret@50_median": 0.0,
      "regret@50_std": 0.3405968615783962,
      "spearman_mean": 0.9817652098473878,
      "spearman_median": 0.9842016806722689,
      "spearman_std": 0.012576437920300604,
      "kendall_mean": 0.9210199765787628,
      "kendall_median": 0.9248979591836736,
      "kendall_std": 0.032699777747459566,
      "pairwise_acc": [],
      "pred_reward_std_mean": 1.5570378064513206,
      "pred_reward_std_median": 1.1069454550743103,
      "pred_reward_std_std": 1.063763987832419,
      "pairwise_acc_total": 0.9605093877551021,
      "pairwise_acc_n_pairs": 1225000
    },
    {
      "ndcg@1_mean": 0.9955155960949511,
      "ndcg@1_median": 1.0,
      "ndcg@1_std": 0.016998581446306543,
      "ndcg@5_mean": 0.9962920414919693,
      "ndcg@5_median": 0.9989641728266406,
      "ndcg@5_std": 0.006381733429759564,
      "ndcg@10_mean": 0.9967053387469923,
      "ndcg@10_median": 0.9985256636557984,
      "ndcg@10_std": 0.004577683130695321,
      "ndcg@50_mean": 0.9987820800303798,
      "ndcg@50_median": 0.9992888439057417,
      "ndcg@50_std": 0.001506446598282118,
      "precision@1_mean": 0.898,
      "precision@1_median": 1.0,
      "precision@1_std": 0.3026483107502832,
      "precision@5_mean": 0.8792000000000001,
      "precision@5_median": 0.8,
      "precision@5_std": 0.12730813014100867,
      "precision@10_mean": 0.9174000000000001,
      "precision@10_median": 0.9,
      "precision@10_std": 0.07653260742977465,
      "precision@50_mean": 1.0,
      "precision@50_median": 1.0,
      "precision@50_std": 0.0,
      "regret@1_mean": 0.010874129116535187,
      "regret@1_median": 0.0,
      "regret@1_std": 0.04149269779580449,
      "regret@5_mean": 0.008957318067550658,
      "regret@5_median": 0.00039309263229370117,
      "regret@5_std": 0.01840167167590406,
      "regret@10_mean": 0.008965142965316773,
      "regret@10_median": 0.0023244619369506836,
      "regret@10_std": 0.015195393780104222,
      "regret@50_mean": 0.07233333325386047,
      "regret@50_median": 0.0,
      "regret@50_std": 0.3197066362962278,
      "spearman_mean": 0.9820974789915965,
      "spearman_median": 0.9843457382953181,
      "spearman_std": 0.01239892092018776,
      "kendall_mean": 0.9228310204081633,
      "kendall_median": 0.9273469387755102,
      "kendall_std": 0.032100601714048875,
      "pairwise_acc": [],
      "pred_reward_std_mean": 1.5705635579526425,
      "pred_reward_std_median": 1.100458025932312,
      "pred_reward_std_std": 1.0600198223706554,
      "pairwise_acc_total": 0.9614155102040817,
      "pairwise_acc_n_pairs": 1225000
    },
    {
      "ndcg@1_mean": 0.9964569912223867,
      "ndcg@1_median": 1.0,
      "ndcg@1_std": 0.0147739574740366,
      "ndcg@5_mean": 0.9965402758535247,
      "ndcg@5_median": 0.9994132426326152,
      "ndcg@5_std": 0.006371324315685816,
      "ndcg@10_mean": 0.9968270954283118,
      "ndcg@10_median": 0.9987175659254974,
      "ndcg@10_std": 0.004652822861591007,
      "ndcg@50_mean": 0.9988614263600792,
      "ndcg@50_median": 0.9993625974673666,
      "ndcg@50_std": 0.0014852472361458241,
      "precision@1_mean": 0.915,
      "precision@1_median": 1.0,
      "precision@1_std": 0.27888169534768686,
      "precision@5_mean": 0.8894000000000001,
      "precision@5_median": 1.0,
      "precision@5_std": 0.12540988796741664,
      "precision@10_mean": 0.9205000000000001,
      "precision@10_median": 0.9,
      "precision@10_std": 0.07635279955574646,
      "precision@50_mean": 1.0,
      "precision@50_median": 1.0,
      "precision@50_std": 0.0,
      "regret@1_mean": 0.008480629801750184,
      "regret@1_median": 0.0,
      "regret@1_std": 0.03575251048456681,
      "regret@5_mean": 0.008700162887573241,
      "regret@5_median": 1.1920928955078125e-07,
      "regret@5_std": 0.018423832703310713,
      "regret@10_mean": 0.009044623017311097,
      "regret@10_median": 0.001846015453338623,
      "regret@10_std": 0.015318481648718142,
      "regret@50_mean": 0.07749999994039536,
      "regret@50_median": 0.0,
      "regret@50_std": 0.3384923681603998,
      "spearman_mean": 0.9829301320528211,
      "spearman_median": 0.9848259303721489,
      "spearman_std": 0.01234960981822794,
      "kendall_mean": 0.9281077551020408,
      "kendall_median": 0.9314285714285715,
      "kendall_std": 0.03354658470107211,
      "pairwise_acc": [],
      "pred_reward_std_mean": 1.5567557344138623,
      "pred_reward_std_median": 1.057864785194397,
      "pred_reward_std_std": 1.078013295450684,
      "pairwise_acc_total": 0.9640538775510205,
      "pairwise_acc_n_pairs": 1225000
    }
  ],
  "ensemble_mean": {
    "ndcg@1_mean": 0.9958320068282948,
    "ndcg@5_mean": 0.9963517441359003,
    "ndcg@10_mean": 0.9967123134277424,
    "ndcg@50_mean": 0.9987901483363851,
    "precision@1_mean": 0.9056666666666667,
    "precision@5_mean": 0.8838666666666667,
    "precision@10_mean": 0.9182000000000001,
    "precision@50_mean": 1.0,
    "regret@1_mean": 0.009835012257099152,
    "regret@5_mean": 0.008930444757143656,
    "regret@10_mean": 0.009068498154481254,
    "regret@50_mean": 0.07349999992052714,
    "spearman_mean": 0.9822642736306019,
    "kendall_mean": 0.9239862506963222,
    "pred_reward_std_mean": 1.5614523662726085,
    "pairwise_acc_total": 0.9619929251700681
  }
}