{
  "label": "buchanan_va-watershed-lam0",
  "n_blocks": 562,
  "members": [
    {
      "ndcg@1_mean": 0.9959896732259548,
      "ndcg@1_median": 1.0,
      "ndcg@1_std": 0.015808399977839976,
      "ndcg@5_mean": 0.996040467684265,
      "ndcg@5_median": 0.9989837531036254,
      "ndcg@5_std": 0.007026983816180952,
      "ndcg@10_mean": 0.9964679419302824,
      "ndcg@10_median": 0.9982933907818503,
      "ndcg@10_std": 0.004908567761663484,
      "ndcg@50_mean": 0.9987105980689887,
      "ndcg@50_median": 0.9992118143458903,
      "ndcg@50_std": 0.0015458596346393598,
      "precision@1_mean": 0.906,
      "precision@1_median": 1.0,
      "precision@1_std": 0.2918287168871494,
      "precision@5_mean": 0.8724000000000001,
      "precision@5_median": 0.8,
      "precision@5_std": 0.13190238815123856,
      "precision@10_mean": 0.9106000000000002,
      "precision@10_median": 0.9,
      "precision@10_std": 0.07750896722315424,
      "precision@50_mean": 1.0,
      "precision@50_median": 1.0,
      "precision@50_std": 0.0,
      "regret@1_mean": 0.010056550800800323,
      "regret@1_median": 0.0,
      "regret@1_std": 0.03929116764836386,
      "regret@5_mean": 0.010101199209690093,
      "regret@5_median": 0.0008989572525024414,
      "regret@5_std": 0.020048254261366662,
      "regret@10_mean": 0.01006518965959549,
      "regret@10_median": 0.00303727388381958,
      "regret@10_std": 0.016080008373525176,
      "regret@50_mean": 0.07516666662693024,
      "regret@50_median": 0.0,
      "regret@50_std": 0.32100532179335983,
      "spearman_mean": 0.978968643457383,
      "spearman_median": 0.9813205282112845,
      "spearman_std": 0.012886651613595588,
      "kendall_mean": 0.9080685714285714,
      "kendall_median": 0.9118367346938776,
      "kendall_std": 0.03204890623464632,
      "pairwise_acc": [],
      "pred_reward_std_mean": 1.5137981748580933,
      "pred_reward_std_median": 1.018557369709015,
      "pred_reward_std_std": 1.0905220776390103,
      "pairwise_acc_total": 0.9540342857142857,
      "pairwise_acc_n_pairs": 1225000
    },
    {
      "ndcg@1_mean": 0.9965421308480606,
      "ndcg@1_median": 1.0,
      "ndcg@1_std": 0.014695306190147778,
      "ndcg@5_mean": 0.9962880897671007,
      "ndcg@5_median": 0.9991541765279771,
      "ndcg@5_std": 0.006640496277220918,
      "ndcg@10_mean": 0.9966122879286307,
      "ndcg@10_median": 0.9984962076708941,
      "ndcg@10_std": 0.004672942068021382,
      "ndcg@50_mean": 0.9987771054333193,
      "ndcg@50_median": 0.9992674465125271,
      "ndcg@50_std": 0.0014714778365180151,
      "precision@1_mean": 0.922,
      "precision@1_median": 1.0,
      "precision@1_std": 0.26817158686184484,
      "precision@5_mean": 0.8818,
      "precision@5_median": 0.8,
      "precision@5_std": 0.12987979057574736,
      "precision@10_mean": 0.9107000000000002,
      "precision@10_median": 0.9,
      "precision@10_std": 0.07717195086299165,
      "precision@50_mean": 1.0,
      "precision@50_median": 1.0,
      "precision@50_std": 0.0,
      "regret@1_mean": 0.008660374820232391,
      "regret@1_median": 0.0,
      "regret@1_std": 0.03653211254614314,
      "regret@5_mean": 0.009517921686172486,
      "regret@5_median": 6.160140037536621e-05,
      "regret@5_std": 0.018995318367915986,
      "regret@10_mean": 0.009829336285591125,
      "regret@10_median": 0.0030156970024108887,
      "regret@10_std": 0.015538315164567136,
      "regret@50_mean": 0.0921666665673256,
      "regret@50_median": 0.0,
      "regret@50_std": 0.353600174291426,
      "spearman_mean": 0.9793651860744298,
      "spearman_median": 0.9822809123649459,
      "spearman_std": 0.013050649062328199,
      "kendall_mean": 0.9102432653061224,
      "kendall_median": 0.913469387755102,
      "kendall_std": 0.032648629250246225,
      "pairwise_acc": [],
      "pred_reward_std_mean": 1.5210496104955673,
      "pred_reward_std_median": 1.0261221528053284,
      "pred_reward_std_std": 1.0960014183573026,
      "pairwise_acc_total": 0.9551216326530613,
      "pairwise_acc_n_pairs": 1225000
    },
    {
      "ndcg@1_mean": 0.9966923579741831,
      "ndcg@1_median": 1.0,
      "ndcg@1_std": 0.014389790018857927,
      "ndcg@5_mean": 0.9964819682228269,
      "ndcg@5_median": 0.9994093938993736,
      "ndcg@5_std": 0.006560615540071066,
      "ndcg@10_mean": 0.9967054356999108,
      "ndcg@10_median": 0.9984716466816171,
      "ndcg@10_std": 0.004679162998738676,
      "ndcg@50_mean": 0.9988242065931829,
      "ndcg@50_median": 0.999290638653348,
      "ndcg@50_std": 0.001454674588051203,
      "precision@1_mean": 0.92,
      "precision@1_median": 1.0,
      "precision@1_std": 0.2712931993250107,
      "precision@5_mean": 0.8872000000000002,
      "precision@5_median": 1.0,
      "precision@5_std": 0.12615926442398115,
      "precision@10_mean": 0.9136000000000002,
      "precision@10_median": 0.9,
      "precision@10_std": 0.0767791638401982,
      "precision@50_mean": 1.0,
      "precision@50_median": 1.0,
      "precision@50_std": 0.0,
      "regret@1_mean": 0.008327202498912811,
      "regret@1_median": 0.0,
      "regret@1_std": 0.036027686192903835,
      "regret@5_mean": 0.009037303268909454,
      "regret@5_median": 2.086162567138672e-07,
      "regret@5_std": 0.018649616726917083,
      "regret@10_mean": 0.009686113297939301,
      "regret@10_median": 0.002689868211746216,
      "regret@10_std": 0.015555453888566852,
      "regret@50_mean": 0.07683333325386048,
      "regret@50_median": 0.0,
      "regret@50_std": 0.35286442933270423,
      "spearman_mean": 0.9800604081632652,
      "spearman_median": 0.9822328931572628,
      "spearman_std": 0.01281819565631093,
      "kendall_mean": 0.9139167346938776,
      "kendall_median": 0.9167346938775511,
      "kendall_std": 0.032735443993644836,
      "pairwise_acc": [],
      "pred_reward_std_mean": 1.5175312092006206,
      "pred_reward_std_median": 1.0208253860473633,
      "pred_reward_std_std": 1.09483255563601,
      "pairwise_acc_total": 0.9569583673469387,
      "pairwise_acc_n_pairs": 1225000
    }
  ],
  "ensemble_mean": {
    "ndcg@1_mean": 0.9964080540160661,
    "ndcg@5_mean": 0.9962701752247308,
    "ndcg@10_mean": 0.9965952218529414,
    "ndcg@50_mean": 0.998770636698497,
    "precision@1_mean": 0.916,
    "precision@5_mean": 0.8804666666666666,
    "precision@10_mean": 0.9116333333333335,
    "precision@50_mean": 1.0,
    "regret@1_mean": 0.009014709373315175,
    "regret@5_mean": 0.009552141388257345,
    "regret@10_mean": 0.009860213081041971,
    "regret@50_mean": 0.08138888881603877,
    "spearman_mean": 0.9794647458983593,
    "kendall_mean": 0.9107428571428572,
    "pred_reward_std_mean": 1.517459664851427,
    "pairwise_acc_total": 0.9553714285714285
  }
}