{
  "case": "buchanan",
  "wall_budget_s": 30.0,
  "sweep": {
    "0.0000": {
      "sa": {
        "best": 233.642189716533,
        "n_iter": 8796,
        "wall_s": 30.00587272644043
      },
      "mpc": {
        "best": 230.1404214758799,
        "n_eps": 11,
        "wall_s": 32.98303818702698
      },
      "delay_s": 0.0
    },
    "0.0010": {
      "sa": {
        "best": 229.73365370086603,
        "n_iter": 447,
        "wall_s": 30.00031876564026
      },
      "mpc": {
        "best": 230.1404214758799,
        "n_eps": 10,
        "wall_s": 30.42656421661377
      },
      "delay_s": 0.001
    },
    "0.0100": {
      "sa": {
        "best": 229.73365370086603,
        "n_iter": 48,
        "wall_s": 30.15670084953308
      },
      "mpc": {
        "best": 230.1404214758799,
        "n_eps": 10,
        "wall_s": 31.58272099494934
      },
      "delay_s": 0.01
    },
    "0.0500": {
      "sa": {
        "best": 229.73365370086603,
        "n_iter": 11,
        "wall_s": 30.20031476020813
      },
      "mpc": {
        "best": 228.85296680663834,
        "n_eps": 7,
        "wall_s": 33.600830078125
      },
      "delay_s": 0.05
    },
    "0.1000": {
      "sa": {
        "best": 229.66125394836186,
        "n_iter": 6,
        "wall_s": 31.41836905479431
      },
      "mpc": {
        "best": 228.85296680663834,
        "n_eps": 5,
        "wall_s": 37.25712513923645
      },
      "delay_s": 0.1
    }
  }
}