{
  "label": "synthetic-watershed-lam0",
  "n_blocks": 420,
  "members": [
    {
      "ndcg@1_mean": 0.998403068889047,
      "ndcg@1_median": 1.0,
      "ndcg@1_std": 0.005286421978484928,
      "ndcg@5_mean": 0.9991596583114597,
      "ndcg@5_median": 0.9997379065239925,
      "ndcg@5_std": 0.0012280257374008825,
      "ndcg@10_mean": 0.9993588125210968,
      "ndcg@10_median": 0.9996527296144688,
      "ndcg@10_std": 0.0007620461001614248,
      "ndcg@50_mean": 0.9997240711233241,
      "ndcg@50_median": 0.9998120299141806,
      "ndcg@50_std": 0.00027063475953249534,
      "precision@1_mean": 0.877,
      "precision@1_median": 1.0,
      "precision@1_std": 0.3284372086107175,
      "precision@5_mean": 0.9516,
      "precision@5_median": 1.0,
      "precision@5_std": 0.08704849223277791,
      "precision@10_mean": 0.9663999999999999,
      "precision@10_median": 1.0,
      "precision@10_std": 0.04910234210299951,
      "precision@50_mean": 1.0,
      "precision@50_median": 1.0,
      "precision@50_std": 0.0,
      "regret@1_mean": 0.0037325389981269835,
      "regret@1_median": 0.0,
      "regret@1_std": 0.012282090857000915,
      "regret@5_mean": 0.0016355614066123963,
      "regret@5_median": 0.0,
      "regret@5_std": 0.003867940363250725,
      "regret@10_mean": 0.001339591145515442,
      "regret@10_median": 0.0,
      "regret@10_std": 0.002642175941776508,
      "regret@50_mean": 0.069,
      "regret@50_median": 0.0,
      "regret@50_std": 0.28414608918653095,
      "spearman_mean": 0.9945608643457382,
      "spearman_median": 0.9950060024009604,
      "spearman_std": 0.0024421792456115633,
      "kendall_mean": 0.9541551020408162,
      "kendall_median": 0.9542857142857143,
      "kendall_std": 0.01118261279045841,
      "pairwise_acc": [],
      "pred_reward_std_mean": 38.203782573699954,
      "pred_reward_std_median": 38.29680252075195,
      "pred_reward_std_std": 3.369728309952318,
      "pairwise_acc_total": 0.9770775510204082,
      "pairwise_acc_n_pairs": 1225000
    },
    {
      "ndcg@1_mean": 0.9983113198792208,
      "ndcg@1_median": 1.0,
      "ndcg@1_std": 0.006311809862236207,
      "ndcg@5_mean": 0.9990749560125246,
      "ndcg@5_median": 0.9997701178352874,
      "ndcg@5_std": 0.0015172229073728064,
      "ndcg@10_mean": 0.9992272632480735,
      "ndcg@10_median": 0.9995968364558101,
      "ndcg@10_std": 0.0009240141251073697,
      "ndcg@50_mean": 0.9996920300745475,
      "ndcg@50_median": 0.999794075132066,
      "ndcg@50_std": 0.00031381985598266784,
      "precision@1_mean": 0.89,
      "precision@1_median": 1.0,
      "precision@1_std": 0.3128897569432403,
      "precision@5_mean": 0.9502,
      "precision@5_median": 1.0,
      "precision@5_std": 0.08740686471896812,
      "precision@10_mean": 0.9624000000000001,
      "precision@10_median": 1.0,
      "precision@10_std": 0.052021534002756956,
      "precision@50_mean": 1.0,
      "precision@50_median": 1.0,
      "precision@50_std": 0.0,
      "regret@1_mean": 0.00408549690246582,
      "regret@1_median": 0.0,
      "regret@1_std": 0.015180326413750278,
      "regret@5_mean": 0.001978030204772949,
      "regret@5_median": 0.0,
      "regret@5_std": 0.0048406236726267204,
      "regret@10_mean": 0.0018529018759727478,
      "regret@10_median": 0.0,
      "regret@10_std": 0.003505765077136295,
      "regret@50_mean": 0.0695,
      "regret@50_median": 0.0,
      "regret@50_std": 0.2931207089238152,
      "spearman_mean": 0.9936642496998799,
      "spearman_median": 0.994141656662665,
      "spearman_std": 0.0026488052367251574,
      "kendall_mean": 0.9487934693877551,
      "kendall_median": 0.9493877551020408,
      "kendall_std": 0.012171043013918173,
      "pairwise_acc": [],
      "pred_reward_std_mean": 37.94069724273682,
      "pred_reward_std_median": 37.933502197265625,
      "pred_reward_std_std": 3.3912539935706216,
      "pairwise_acc_total": 0.9743967346938776,
      "pairwise_acc_n_pairs": 1225000
    },
    {
      "ndcg@1_mean": 0.9986360315361931,
      "ndcg@1_median": 1.0,
      "ndcg@1_std": 0.005894705011851326,
      "ndcg@5_mean": 0.9992045001283656,
      "ndcg@5_median": 0.9998296067515375,
      "ndcg@5_std": 0.0013388009057963845,
      "ndcg@10_mean": 0.9992349700505232,
      "ndcg@10_median": 0.9996677652014239,
      "ndcg@10_std": 0.0010237845059218847,
      "ndcg@50_mean": 0.9996937498312461,
      "ndcg@50_median": 0.9997820252504588,
      "ndcg@50_std": 0.0003116055246397117,
      "precision@1_mean": 0.916,
      "precision@1_median": 1.0,
      "precision@1_std": 0.2773878151613729,
      "precision@5_mean": 0.9528,
      "precision@5_median": 1.0,
      "precision@5_std": 0.08586128347514961,
      "precision@10_mean": 0.9611000000000002,
      "precision@10_median": 1.0,
      "precision@10_std": 0.05419215810428663,
      "precision@50_mean": 1.0,
      "precision@50_median": 1.0,
      "precision@50_std": 0.0,
      "regret@1_mean": 0.0033123248815536497,
      "regret@1_median": 0.0,
      "regret@1_std": 0.014381283851421822,
      "regret@5_mean": 0.001718088448047638,
      "regret@5_median": 0.0,
      "regret@5_std": 0.004169510874664789,
      "regret@10_mean": 0.0020686679482460023,
      "regret@10_median": 0.0,
      "regret@10_std": 0.003954157969143274,
      "regret@50_mean": 0.048,
      "regret@50_median": 0.0,
      "regret@50_std": 0.257285833267205,
      "spearman_mean": 0.9927999039615845,
      "spearman_median": 0.993469387755102,
      "spearman_std": 0.003179605764558802,
      "kendall_mean": 0.9446955102040815,
      "kendall_median": 0.9461224489795919,
      "kendall_std": 0.013379601698393811,
      "pairwise_acc": [],
      "pred_reward_std_mean": 38.119322608947755,
      "pred_reward_std_median": 38.14898490905762,
      "pred_reward_std_std": 3.3753254950248355,
      "pairwise_acc_total": 0.9723477551020409,
      "pairwise_acc_n_pairs": 1225000
    }
  ],
  "ensemble_mean": {
    "ndcg@1_mean": 0.9984501401014869,
    "ndcg@5_mean": 0.9991463714841166,
    "ndcg@10_mean": 0.999273681939898,
    "ndcg@50_mean": 0.9997032836763725,
    "precision@1_mean": 0.8943333333333333,
    "precision@5_mean": 0.9515333333333333,
    "precision@10_mean": 0.9633000000000002,
    "precision@50_mean": 1.0,
    "regret@1_mean": 0.0037101202607154843,
    "regret@5_mean": 0.001777226686477661,
    "regret@10_mean": 0.0017537203232447307,
    "regret@50_mean": 0.06216666666666667,
    "spearman_mean": 0.9936750060024009,
    "kendall_mean": 0.949214693877551,
    "pred_reward_std_mean": 38.08793414179484,
    "pairwise_acc_total": 0.9746073469387756
  }
}