{
  "label": "synthetic-watershed-lam5",
  "n_blocks": 420,
  "members": [
    {
      "ndcg@1_mean": 0.9988818568764878,
      "ndcg@1_median": 1.0,
      "ndcg@1_std": 0.004419935279218444,
      "ndcg@5_mean": 0.9994686367746599,
      "ndcg@5_median": 0.9999388973071447,
      "ndcg@5_std": 0.0009343417350158404,
      "ndcg@10_mean": 0.9995680906856276,
      "ndcg@10_median": 0.9998216233593356,
      "ndcg@10_std": 0.0005994390165090221,
      "ndcg@50_mean": 0.9998183027528451,
      "ndcg@50_median": 0.9998884339415397,
      "ndcg@50_std": 0.00021619402400147345,
      "precision@1_mean": 0.904,
      "precision@1_median": 1.0,
      "precision@1_std": 0.2945912422323515,
      "precision@5_mean": 0.962,
      "precision@5_median": 1.0,
      "precision@5_std": 0.07896834808959852,
      "precision@10_mean": 0.9711000000000002,
      "precision@10_median": 1.0,
      "precision@10_std": 0.04641971563893944,
      "precision@50_mean": 1.0,
      "precision@50_median": 1.0,
      "precision@50_std": 0.0,
      "regret@1_mean": 0.0026452972292900084,
      "regret@1_median": 0.0,
      "regret@1_std": 0.010206260164553522,
      "regret@5_mean": 0.001040062963962555,
      "regret@5_median": 0.0,
      "regret@5_std": 0.002866007204718462,
      "regret@10_mean": 0.0009569680690765381,
      "regret@10_median": 0.0,
      "regret@10_std": 0.002036283077214384,
      "regret@50_mean": 0.0625,
      "regret@50_median": 0.0,
      "regret@50_std": 0.26142637586900064,
      "spearman_mean": 0.9960303481392556,
      "spearman_median": 0.9963505402160864,
      "spearman_std": 0.0017143770263628273,
      "kendall_mean": 0.9627657142857142,
      "kendall_median": 0.9640816326530611,
      "kendall_std": 0.0094175023283312,
      "pairwise_acc": [],
      "pred_reward_std_mean": 38.19768705558777,
      "pred_reward_std_median": 38.23759841918945,
      "pred_reward_std_std": 3.361569654051512,
      "pairwise_acc_total": 0.9813828571428571,
      "pairwise_acc_n_pairs": 1225000
    },
    {
      "ndcg@1_mean": 0.9986926273911823,
      "ndcg@1_median": 1.0,
      "ndcg@1_std": 0.005490558082184288,
      "ndcg@5_mean": 0.9993059972035008,
      "ndcg@5_median": 0.9998678712789388,
      "ndcg@5_std": 0.0012112213664621642,
      "ndcg@10_mean": 0.9994034657858724,
      "ndcg@10_median": 0.9997393409404183,
      "ndcg@10_std": 0.0008178125313287615,
      "ndcg@50_mean": 0.9997716868672724,
      "ndcg@50_median": 0.9998564009006465,
      "ndcg@50_std": 0.0002771638142661212,
      "precision@1_mean": 0.909,
      "precision@1_median": 1.0,
      "precision@1_std": 0.2876091097305508,
      "precision@5_mean": 0.9560000000000001,
      "precision@5_median": 1.0,
      "precision@5_std": 0.0828492607088319,
      "precision@10_mean": 0.9669000000000001,
      "precision@10_median": 1.0,
      "precision@10_std": 0.04994386849253869,
      "precision@50_mean": 1.0,
      "precision@50_median": 1.0,
      "precision@50_std": 0.0,
      "regret@1_mean": 0.003226826250553131,
      "regret@1_median": 0.0,
      "regret@1_std": 0.013536191834495365,
      "regret@5_mean": 0.001417430281639099,
      "regret@5_median": 0.0,
      "regret@5_std": 0.0037509740601625197,
      "regret@10_mean": 0.0014498265981674194,
      "regret@10_median": 0.0,
      "regret@10_std": 0.003028223015650635,
      "regret@50_mean": 0.066,
      "regret@50_median": 0.0,
      "regret@50_std": 0.28747869486276717,
      "spearman_mean": 0.9954203117593605,
      "spearman_median": 0.9957743097238896,
      "spearman_std": 0.0019674709029711144,
      "kendall_mean": 0.9590415736415703,
      "kendall_median": 0.9608163265306122,
      "kendall_std": 0.010208522647754101,
      "pairwise_acc": [],
      "pred_reward_std_mean": 37.92281539344788,
      "pred_reward_std_median": 37.94618797302246,
      "pred_reward_std_std": 3.372330733631574,
      "pairwise_acc_total": 0.9795183673469388,
      "pairwise_acc_n_pairs": 1225000
    },
    {
      "ndcg@1_mean": 0.9988579968531208,
      "ndcg@1_median": 1.0,
      "ndcg@1_std": 0.004803317987065633,
      "ndcg@5_mean": 0.9993962792903454,
      "ndcg@5_median": 0.9999038886448226,
      "ndcg@5_std": 0.0010333292718885413,
      "ndcg@10_mean": 0.9994224604510462,
      "ndcg@10_median": 0.9997602240580575,
      "ndcg@10_std": 0.0007773847764430722,
      "ndcg@50_mean": 0.9997722161022152,
      "ndcg@50_median": 0.9998449829313039,
      "ndcg@50_std": 0.00024068856144985722,
      "precision@1_mean": 0.92,
      "precision@1_median": 1.0,
      "precision@1_std": 0.2712931993250107,
      "precision@5_mean": 0.959,
      "precision@5_median": 1.0,
      "precision@5_std": 0.08074032449773778,
      "precision@10_mean": 0.9654,
      "precision@10_median": 1.0,
      "precision@10_std": 0.05160271310696753,
      "precision@50_mean": 1.0,
      "precision@50_median": 1.0,
      "precision@50_std": 0.0,
      "regret@1_mean": 0.002754313349723816,
      "regret@1_median": 0.0,
      "regret@1_std": 0.011561552931145169,
      "regret@5_mean": 0.0012431433200836182,
      "regret@5_median": 0.0,
      "regret@5_std": 0.0032909394914747776,
      "regret@10_mean": 0.0015079315900802612,
      "regret@10_median": 0.0,
      "regret@10_std": 0.0030086587713376105,
      "regret@50_mean": 0.0405,
      "regret@50_median": 0.0,
      "regret@50_std": 0.2492182778208693,
      "spearman_mean": 0.9947397839135653,
      "spearman_median": 0.9951980792316926,
      "spearman_std": 0.0023741582363989086,
      "kendall_mean": 0.9550971428571428,
      "kendall_median": 0.9559183673469387,
      "kendall_std": 0.011338418883329534,
      "pairwise_acc": [],
      "pred_reward_std_mean": 38.30895726776123,
      "pred_reward_std_median": 38.357709884643555,
      "pred_reward_std_std": 3.38508549319476,
      "pairwise_acc_total": 0.9775485714285714,
      "pairwise_acc_n_pairs": 1225000
    }
  ],
  "ensemble_mean": {
    "ndcg@1_mean": 0.9988108270402636,
    "ndcg@5_mean": 0.9993903044228354,
    "ndcg@10_mean": 0.9994646723075155,
    "ndcg@50_mean": 0.9997874019074442,
    "precision@1_mean": 0.911,
    "precision@5_mean": 0.9590000000000001,
    "precision@10_mean": 0.9678000000000001,
    "precision@50_mean": 1.0,
    "regret@1_mean": 0.0028754789431889847,
    "regret@5_mean": 0.0012335455218950907,
    "regret@10_mean": 0.0013049087524414063,
    "regret@50_mean": 0.05633333333333334,
    "spearman_mean": 0.9953968146040605,
    "kendall_mean": 0.9589681435948091,
    "pred_reward_std_mean": 38.14315323893229,
    "pairwise_acc_total": 0.9794832653061224
  }
}