{
  "case": "synthetic",
  "wall_budget_s": 30.0,
  "sweep": {
    "0.0000": {
      "sa": {
        "best": 9814.86220956095,
        "n_iter": 10660,
        "wall_s": 30.001233100891113
      },
      "mpc": {
        "best": 8992.529383386836,
        "n_eps": 17,
        "wall_s": 31.431457996368408
      },
      "delay_s": 0.0
    },
    "0.0010": {
      "sa": {
        "best": 9334.92283161553,
        "n_iter": 301,
        "wall_s": 30.050381183624268
      },
      "mpc": {
        "best": 8992.529383386836,
        "n_eps": 16,
        "wall_s": 30.641660928726196
      },
      "delay_s": 0.001
    },
    "0.0100": {
      "sa": {
        "best": 9334.92283161553,
        "n_iter": 36,
        "wall_s": 30.159088134765625
      },
      "mpc": {
        "best": 8992.529383386836,
        "n_eps": 14,
        "wall_s": 31.420929670333862
      },
      "delay_s": 0.01
    },
    "0.0500": {
      "sa": {
        "best": 9334.92283161553,
        "n_iter": 9,
        "wall_s": 31.02658200263977
      },
      "mpc": {
        "best": 8992.529383386836,
        "n_eps": 7,
        "wall_s": 30.798435926437378
      },
      "delay_s": 0.05
    },
    "0.1000": {
      "sa": {
        "best": 9309.982981925741,
        "n_iter": 5,
        "wall_s": 32.465803146362305
      },
      "mpc": {
        "best": 8992.529383386836,
        "n_eps": 5,
        "wall_s": 34.79073214530945
      },
      "delay_s": 0.1
    }
  }
}