{
  "preset_id": "plain_medium_frag",
  "seed": 0,
  "method": "Greedy-Sequential",
  "n_blocks": 2600,
  "init_slope_deg": 0.7053883893110854,
  "final_slope_deg": 0.7024209114905204,
  "slope_pct": -0.42068708041297936,
  "init_contiguity": 4.107422120008363,
  "final_contiguity": 4.10884382186912,
  "cont_delta": 0.001421701860756741,
  "cont_pct": 0.03461299607775757,
  "init_baimu_count": 53,
  "final_baimu_count": 51,
  "baimu_count_delta": -2,
  "init_baimu_area_ha": 81028.82952502393,
  "final_baimu_area_ha": 81097.55224453556,
  "baimu_area_delta_ha": 68.72271951161623,
  "total_reward": 0.0,
  "wall_seconds": 1.8441617488861084,
  "exchange_pairs_used": 100,
  "extra": {
    "baseline_returned": {
      "slope_change_pct": -0.42068707444907233,
      "cont_change": 0.001421701860756741,
      "baimu_count_change": -2.0,
      "baimu_area_change_ha": 68.72271951161623,
      "completed_swaps": 29.0,
      "elapsed": 1.3385639190673828,
      "initial_slope": 0.7053883893110854,
      "final_slope": 0.7024209114905204,
      "initial_cont": 4.107422120008363,
      "final_cont": 4.10884382186912,
      "initial_baimu_count": 53.0,
      "final_baimu_count": 51.0
    }
  }
}