{
  "case": "buchanan",
  "results": {
    "greedy": {
      "total_reward": 87.14419403766884,
      "n_selected": 50,
      "n_committed": 50,
      "budget_used": 131663.92908949632,
      "cum_components": {
        "risk_index": 42.39533330552961,
        "water_priority": 26.13172103977093,
        "connectivity": 0.12107142857142858,
        "cost_penalty": -0.019749589363424486
      }
    },
    "sa": {
      "total_reward": 158.85798966855677,
      "n_selected": 50,
      "n_committed": 50,
      "budget_used": 131564.16110946983,
      "cum_components": {
        "risk_index": 42.39351271972268,
        "water_priority": 25.106911503054555,
        "connectivity": 0.23607142857142863,
        "cost_penalty": -0.019734624166420484
      }
    },
    "nsga2": {
      "total_reward": 106.83542568593307,
      "n_selected": 50,
      "n_committed": 50,
      "budget_used": 113804.15727599841,
      "cum_components": {
        "risk_index": 30.21543508845296,
        "water_priority": 18.808097445341456,
        "connectivity": 0.13200000000000003,
        "cost_penalty": -0.017070623591399783
      }
    },
    "milp": {
      "total_reward": 85.88349469983633,
      "n_selected": 50,
      "n_committed": 50,
      "budget_used": 131972.27478086052,
      "cum_components": {
        "risk_index": 42.40476493982029,
        "water_priority": 26.31516703900643,
        "connectivity": 0.12964285714285714,
        "cost_penalty": -0.019795841217129125
      }
    }
  },
  "timings_s": {
    "greedy": 0.024365901947021484,
    "sa": 1.0540060997009277,
    "nsga2": 4.7455949783325195,
    "milp": 0.06219482421875
  },
  "scenario_config": {
    "case_name": "buchanan",
    "feature_cols": [
      "row",
      "col",
      "area_ha",
      "aml_count",
      "severity_sum",
      "severity_mean",
      "unfunded_cost_sum",
      "dist_water_m",
      "water_km",
      "slope_deg_mean",
      "risk_index",
      "water_priority",
      "restoration_cost_proxy",
      "benefit_proxy",
      "priority_score",
      "candidate"
    ],
    "reward_terms": {
      "risk_index": 0.45,
      "water_priority": 0.25,
      "connectivity": 0.2,
      "cost_penalty": -0.1
    },
    "cost_col": "restoration_cost_proxy",
    "budget": 200000.0,
    "max_steps": 50,
    "n_units": 562,
    "n_candidates": 522,
    "n_edges": 2061,
    "reward_profile": "delayed",
    "reward_profile_params": {}
  }
}