{
  "case": "synthetic",
  "results": {
    "greedy": {
      "total_reward": 9307.474868189836,
      "n_selected": 60,
      "n_committed": 60,
      "budget_used": 41698.71109999999,
      "cum_components": {
        "risk_reduction": 3190.2181200000005,
        "habitat_gain": 4433.899925,
        "water_gain": 1680.3836,
        "connectivity": 3.065,
        "cost_penalty": -0.09177681016645568
      }
    },
    "sa": {
      "total_reward": 9334.92283161553,
      "n_selected": 60,
      "n_committed": 60,
      "budget_used": 42044.7317,
      "cum_components": {
        "risk_reduction": 3283.529624999999,
        "habitat_gain": 4283.669725,
        "water_gain": 1764.8760200000002,
        "connectivity": 2.94,
        "cost_penalty": -0.09253838447132391
      }
    },
    "nsga2": {
      "total_reward": 8012.986932066307,
      "n_selected": 60,
      "n_committed": 60,
      "budget_used": 45320.3839,
      "cum_components": {
        "risk_reduction": 3205.5793650000005,
        "habitat_gain": 3761.600775,
        "water_gain": 1044.9765400000003,
        "connectivity": 0.9300000000000004,
        "cost_penalty": -0.09974793369239644
      }
    },
    "milp": {
      "total_reward": 9055.359100004198,
      "n_selected": 49,
      "n_committed": 49,
      "budget_used": 44901.047900000005,
      "cum_components": {
        "risk_reduction": 4144.615649999999,
        "habitat_gain": 3117.3671749999985,
        "water_gain": 1790.6951000000004,
        "connectivity": 2.7800000000000007,
        "cost_penalty": -0.09882499580168641
      }
    }
  },
  "timings_s": {
    "greedy": 0.0234830379486084,
    "sa": 0.8639688491821289,
    "nsga2": 3.814541816711426,
    "milp": 0.02942204475402832
  },
  "scenario_config": {
    "case_name": "synthetic",
    "feature_cols": [
      "row",
      "col",
      "area_ha",
      "slope_deg",
      "disturbance",
      "erosion_risk",
      "biodiversity",
      "human_exposure",
      "dist_water_m",
      "dist_settle_m",
      "dist_source_m",
      "rest_cost",
      "risk_reduction",
      "habitat_gain",
      "water_gain",
      "priority_score"
    ],
    "reward_terms": {
      "risk_reduction": 0.35,
      "habitat_gain": 0.25,
      "water_gain": 0.2,
      "connectivity": 0.1,
      "cost_penalty": -0.1
    },
    "cost_col": "rest_cost",
    "budget": 45434.91,
    "max_steps": 60,
    "n_units": 420,
    "n_candidates": 420,
    "n_edges": 1553,
    "reward_profile": "watershed",
    "reward_profile_params": {}
  }
}