{
  "preset_id": "plain_small_cons",
  "seed": 4,
  "method": "Random-Block",
  "n_blocks": 800,
  "init_slope_deg": 0.5589649794568149,
  "final_slope_deg": 0.5560051786186427,
  "slope_pct": -0.5295145397209677,
  "init_contiguity": 4.084637162866935,
  "final_contiguity": 4.09015049918045,
  "cont_delta": 0.00551333631351536,
  "cont_pct": 0.13497738183794783,
  "init_baimu_count": 8,
  "final_baimu_count": 8,
  "baimu_count_delta": 0,
  "init_baimu_area_ha": 27528.183853446735,
  "final_baimu_area_ha": 27539.507476906638,
  "baimu_area_delta_ha": 11.323623459905386,
  "total_reward": 0.0,
  "wall_seconds": 0.11759805679321289,
  "exchange_pairs_used": 100,
  "extra": {
    "baseline_returned": {
      "slope_change_pct": -0.5295145302478423,
      "cont_change": 0.00551333631351536,
      "baimu_count_change": 0.0,
      "baimu_area_change_ha": 11.323623459905386,
      "completed_swaps": 30.0,
      "elapsed": 0.0,
      "initial_slope": 0.5589649794568149,
      "final_slope": 0.5560051786186427,
      "initial_cont": 4.084637162866935,
      "final_cont": 4.09015049918045,
      "initial_baimu_count": 8.0,
      "final_baimu_count": 8.0,
      "seed": 4.0
    }
  }
}