{
  "preset_id": "plain_small_cons",
  "seed": 2,
  "method": "Random-Block",
  "n_blocks": 800,
  "init_slope_deg": 0.5487349667393502,
  "final_slope_deg": 0.5461837025094133,
  "slope_pct": -0.46493560362971265,
  "init_contiguity": 4.069282694162154,
  "final_contiguity": 4.072249833098435,
  "cont_delta": 0.0029671389362810885,
  "cont_pct": 0.07291552718237619,
  "init_baimu_count": 12,
  "final_baimu_count": 12,
  "baimu_count_delta": 0,
  "init_baimu_area_ha": 27253.44423624316,
  "final_baimu_area_ha": 27274.124211005495,
  "baimu_area_delta_ha": 20.6799747623384,
  "total_reward": 0.0,
  "wall_seconds": 0.1392810344696045,
  "exchange_pairs_used": 100,
  "extra": {
    "baseline_returned": {
      "slope_change_pct": -0.46493559515685,
      "cont_change": 0.0029671389362810885,
      "baimu_count_change": 0.0,
      "baimu_area_change_ha": 20.6799747623384,
      "completed_swaps": 29.0,
      "elapsed": 0.0016553401947021484,
      "initial_slope": 0.5487349667393502,
      "final_slope": 0.5461837025094133,
      "initial_cont": 4.069282694162154,
      "final_cont": 4.072249833098435,
      "initial_baimu_count": 12.0,
      "final_baimu_count": 12.0,
      "seed": 2.0
    }
  }
}