{
  "preset_id": "plain_small_cons",
  "seed": 0,
  "method": "Random-Block",
  "n_blocks": 800,
  "init_slope_deg": 0.536383543298649,
  "final_slope_deg": 0.5328284997491549,
  "slope_pct": -0.6627801307309518,
  "init_contiguity": 4.082006608591168,
  "final_contiguity": 4.085911685190748,
  "cont_delta": 0.0039050765995796155,
  "cont_pct": 0.09566561165761614,
  "init_baimu_count": 17,
  "final_baimu_count": 17,
  "baimu_count_delta": 0,
  "init_baimu_area_ha": 27405.667470869164,
  "final_baimu_area_ha": 27416.850468284978,
  "baimu_area_delta_ha": 11.182997415810824,
  "total_reward": 0.0,
  "wall_seconds": 0.16604995727539062,
  "exchange_pairs_used": 100,
  "extra": {
    "baseline_returned": {
      "slope_change_pct": -0.6627801183744928,
      "cont_change": 0.0039050765995796155,
      "baimu_count_change": 0.0,
      "baimu_area_change_ha": 11.182997415810824,
      "completed_swaps": 34.0,
      "elapsed": 0.0021469593048095703,
      "initial_slope": 0.536383543298649,
      "final_slope": 0.5328284997491549,
      "initial_cont": 4.082006608591168,
      "final_cont": 4.085911685190748,
      "initial_baimu_count": 17.0,
      "final_baimu_count": 17.0,
      "seed": 0.0
    }
  }
}