{
  "case": "buchanan",
  "results": {
    "greedy": {
      "total_reward": 228.76181003830746,
      "n_selected": 50,
      "n_committed": 50,
      "budget_used": 130551.74919831975,
      "cum_components": {
        "risk_index": 141.31777768509878,
        "water_priority": 87.10573679923647,
        "connectivity": 0.4035714285714286,
        "cost_penalty": -0.06527587459915991
      }
    },
    "sa": {
      "total_reward": 228.76197678669246,
      "n_selected": 50,
      "n_committed": 50,
      "budget_used": 130218.25242831974,
      "cum_components": {
        "risk_index": 141.31777768509878,
        "water_priority": 87.10573679923645,
        "connectivity": 0.4035714285714286,
        "cost_penalty": -0.0651091262141599
      }
    },
    "nsga2": {
      "total_reward": 152.8975348344144,
      "n_selected": 50,
      "n_committed": 50,
      "budget_used": 73531.05441363699,
      "cum_components": {
        "risk_index": 90.26454478721065,
        "water_priority": 62.29118414583918,
        "connectivity": 0.3785714285714286,
        "cost_penalty": -0.03676552720681849
      }
    },
    "milp": {
      "total_reward": 229.4331621767889,
      "n_selected": 50,
      "n_committed": 50,
      "budget_used": 130841.21955268021,
      "cum_components": {
        "risk_index": 141.34921646606767,
        "water_priority": 87.71722346335477,
        "connectivity": 0.43214285714285716,
        "cost_penalty": -0.06542060977634015
      }
    }
  },
  "timings_s": {
    "greedy": 0.0251772403717041,
    "sa": 1.0895979404449463,
    "nsga2": 4.857791185379028,
    "milp": 0.06444215774536133
  },
  "scenario_config": {
    "case_name": "buchanan",
    "feature_cols": [
      "row",
      "col",
      "area_ha",
      "aml_count",
      "severity_sum",
      "severity_mean",
      "unfunded_cost_sum",
      "dist_water_m",
      "water_km",
      "slope_deg_mean",
      "risk_index",
      "water_priority",
      "restoration_cost_proxy",
      "benefit_proxy",
      "priority_score",
      "candidate"
    ],
    "reward_terms": {
      "risk_index": 0.45,
      "water_priority": 0.25,
      "connectivity": 0.2,
      "cost_penalty": -0.1
    },
    "cost_col": "restoration_cost_proxy",
    "budget": 200000.0,
    "max_steps": 50,
    "n_units": 562,
    "n_candidates": 522,
    "n_edges": 2061,
    "reward_profile": "scale_economy",
    "reward_profile_params": {}
  }
}