{
  "label": "buchanan_va-scale_economy-lam0",
  "n_blocks": 562,
  "members": [
    {
      "ndcg@1_mean": 0.9995371382842955,
      "ndcg@1_median": 1.0,
      "ndcg@1_std": 0.003495178543101594,
      "ndcg@5_mean": 0.9991575436784162,
      "ndcg@5_median": 0.9998853520221522,
      "ndcg@5_std": 0.0015443959893353763,
      "ndcg@10_mean": 0.9992357792567349,
      "ndcg@10_median": 0.999641017780979,
      "ndcg@10_std": 0.0010635972795600935,
      "ndcg@50_mean": 0.9997181583390045,
      "ndcg@50_median": 0.9998028590872359,
      "ndcg@50_std": 0.00028927325828332213,
      "precision@1_mean": 0.969,
      "precision@1_median": 1.0,
      "precision@1_std": 0.17331762749357033,
      "precision@5_mean": 0.9288000000000002,
      "precision@5_median": 1.0,
      "precision@5_std": 0.10339516429698248,
      "precision@10_mean": 0.9465000000000001,
      "precision@10_median": 1.0,
      "precision@10_std": 0.05939486509791902,
      "precision@50_mean": 1.0,
      "precision@50_median": 1.0,
      "precision@50_std": 0.0,
      "regret@1_mean": 0.0012618144154548645,
      "regret@1_median": 0.0,
      "regret@1_std": 0.009637902431155872,
      "regret@5_mean": 0.0023220459818840025,
      "regret@5_median": 0.0,
      "regret@5_std": 0.005392615082448559,
      "regret@10_mean": 0.002325389266014099,
      "regret@10_median": 2.384185791015625e-07,
      "regret@10_std": 0.004206750112845495,
      "regret@50_mean": 0.06983333331346511,
      "regret@50_median": 0.0,
      "regret@50_std": 0.3224661480778969,
      "spearman_mean": 0.9927923169267706,
      "spearman_median": 0.9931812725090036,
      "spearman_std": 0.002710447569937363,
      "kendall_mean": 0.9446399999999999,
      "kendall_median": 0.9444897959183673,
      "kendall_std": 0.012407683771616104,
      "pairwise_acc": [],
      "pred_reward_std_mean": 1.520666054457426,
      "pred_reward_std_median": 1.0324543714523315,
      "pred_reward_std_std": 1.095544924860057,
      "pairwise_acc_total": 0.97232,
      "pairwise_acc_n_pairs": 1225000
    },
    {
      "ndcg@1_mean": 0.999676382875546,
      "ndcg@1_median": 1.0,
      "ndcg@1_std": 0.0024535688178186355,
      "ndcg@5_mean": 0.9996041322897745,
      "ndcg@5_median": 1.0,
      "ndcg@5_std": 0.0008722010491555936,
      "ndcg@10_mean": 0.9995795254247771,
      "ndcg@10_median": 0.9998522482091404,
      "ndcg@10_std": 0.0006683673393174476,
      "ndcg@50_mean": 0.9998437480435339,
      "ndcg@50_median": 0.9998929004454626,
      "ndcg@50_std": 0.0001697940722856663,
      "precision@1_mean": 0.972,
      "precision@1_median": 1.0,
      "precision@1_std": 0.16497272501841023,
      "precision@5_mean": 0.9522,
      "precision@5_median": 1.0,
      "precision@5_std": 0.0871502151460339,
      "precision@10_mean": 0.9590000000000001,
      "precision@10_median": 1.0,
      "precision@10_std": 0.05384236250388721,
      "precision@50_mean": 1.0,
      "precision@50_median": 1.0,
      "precision@50_std": 0.0,
      "regret@1_mean": 0.000894919753074646,
      "regret@1_median": 0.0,
      "regret@1_std": 0.006788279653579698,
      "regret@5_mean": 0.0010092962384223938,
      "regret@5_median": 0.0,
      "regret@5_std": 0.0030654734562812675,
      "regret@10_mean": 0.0013474429845809937,
      "regret@10_median": 0.0,
      "regret@10_std": 0.0029353932114238946,
      "regret@50_mean": 0.08383333331346512,
      "regret@50_median": 0.0,
      "regret@50_std": 0.3432682381511856,
      "spearman_mean": 0.9947908763505402,
      "spearman_median": 0.9952941176470588,
      "spearman_std": 0.0022395293606754033,
      "kendall_mean": 0.9555510204081631,
      "kendall_median": 0.9575510204081632,
      "kendall_std": 0.011478651208628376,
      "pairwise_acc": [],
      "pred_reward_std_mean": 1.520720890134573,
      "pred_reward_std_median": 1.023389995098114,
      "pred_reward_std_std": 1.09823182472147,
      "pairwise_acc_total": 0.9777755102040816,
      "pairwise_acc_n_pairs": 1225000
    },
    {
      "ndcg@1_mean": 0.9996326630063157,
      "ndcg@1_median": 1.0,
      "ndcg@1_std": 0.002496413374692509,
      "ndcg@5_mean": 0.9996668477706228,
      "ndcg@5_median": 1.0,
      "ndcg@5_std": 0.0007963715067764585,
      "ndcg@10_mean": 0.9996166997978103,
      "ndcg@10_median": 0.9998936914593578,
      "ndcg@10_std": 0.0006513037130738219,
      "ndcg@50_mean": 0.9998630060782538,
      "ndcg@50_median": 0.9999089666267166,
      "ndcg@50_std": 0.00015635592807762815,
      "precision@1_mean": 0.965,
      "precision@1_median": 1.0,
      "precision@1_std": 0.1837797594948911,
      "precision@5_mean": 0.955,
      "precision@5_median": 1.0,
      "precision@5_std": 0.08541077215433657,
      "precision@10_mean": 0.9608,
      "precision@10_median": 1.0,
      "precision@10_std": 0.05294676571803039,
      "precision@50_mean": 1.0,
      "precision@50_median": 1.0,
      "precision@50_std": 0.0,
      "regret@1_mean": 0.0009945560097694398,
      "regret@1_median": 0.0,
      "regret@1_std": 0.006749085648683812,
      "regret@5_mean": 0.0008628649711608887,
      "regret@5_median": 0.0,
      "regret@5_std": 0.0027537467734363593,
      "regret@10_mean": 0.0012649608850479126,
      "regret@10_median": 0.0,
      "regret@10_std": 0.002823329555670241,
      "regret@50_mean": 0.07433333331346512,
      "regret@50_median": 0.0,
      "regret@50_std": 0.33553787663447915,
      "spearman_mean": 0.9950091716686674,
      "spearman_median": 0.9952941176470588,
      "spearman_std": 0.0019713154759619417,
      "kendall_mean": 0.956757551020408,
      "kendall_median": 0.9575510204081632,
      "kendall_std": 0.010574476465517487,
      "pairwise_acc": [],
      "pred_reward_std_mean": 1.5135903952717782,
      "pred_reward_std_median": 1.021468698978424,
      "pred_reward_std_std": 1.0910737087938867,
      "pairwise_acc_total": 0.9783787755102041,
      "pairwise_acc_n_pairs": 1225000
    }
  ],
  "ensemble_mean": {
    "ndcg@1_mean": 0.9996153947220524,
    "ndcg@5_mean": 0.9994761745796046,
    "ndcg@10_mean": 0.9994773348264409,
    "ndcg@50_mean": 0.9998083041535973,
    "precision@1_mean": 0.9686666666666666,
    "precision@5_mean": 0.9453333333333335,
    "precision@10_mean": 0.9554333333333335,
    "precision@50_mean": 1.0,
    "regret@1_mean": 0.0010504300594329835,
    "regret@5_mean": 0.0013980690638224283,
    "regret@10_mean": 0.0016459310452143349,
    "regret@50_mean": 0.07599999998013178,
    "spearman_mean": 0.9941974549819927,
    "kendall_mean": 0.9523161904761904,
    "pred_reward_std_mean": 1.5183257799545924,
    "pairwise_acc_total": 0.9761580952380952
  }
}