{
  "label": "buchanan_va-scale_economy-lam5",
  "n_blocks": 562,
  "members": [
    {
      "ndcg@1_mean": 0.9994014445238016,
      "ndcg@1_median": 1.0,
      "ndcg@1_std": 0.004291961430399776,
      "ndcg@5_mean": 0.9996298033323651,
      "ndcg@5_median": 0.999993012540254,
      "ndcg@5_std": 0.0009677226331767371,
      "ndcg@10_mean": 0.999690750986545,
      "ndcg@10_median": 0.9999181737271795,
      "ndcg@10_std": 0.0007399025807371682,
      "ndcg@50_mean": 0.9998580490613431,
      "ndcg@50_median": 0.99993751331818,
      "ndcg@50_std": 0.00045842817712432696,
      "precision@1_mean": 0.965,
      "precision@1_median": 1.0,
      "precision@1_std": 0.1837797594948911,
      "precision@5_mean": 0.9576000000000001,
      "precision@5_median": 1.0,
      "precision@5_std": 0.08271783362733817,
      "precision@10_mean": 0.9695,
      "precision@10_median": 1.0,
      "precision@10_std": 0.049190954453029255,
      "precision@50_mean": 1.0,
      "precision@50_median": 1.0,
      "precision@50_std": 0.0,
      "regret@1_mean": 0.001163014590740204,
      "regret@1_median": 0.0,
      "regret@1_std": 0.0073730557611224965,
      "regret@5_mean": 0.0006776390671730042,
      "regret@5_median": 0.0,
      "regret@5_std": 0.0021182353719937756,
      "regret@10_mean": 0.0006338011622428894,
      "regret@10_median": 0.0,
      "regret@10_std": 0.001543709996765184,
      "regret@50_mean": 0.07733333331346512,
      "regret@50_median": 0.0,
      "regret@50_std": 0.3059912852623325,
      "spearman_mean": 0.9968300600240094,
      "spearman_median": 0.9971188475390156,
      "spearman_std": 0.0015142640754137826,
      "kendall_mean": 0.9682187755102041,
      "kendall_median": 0.9689795918367347,
      "kendall_std": 0.009604225642258863,
      "pairwise_acc": [],
      "pred_reward_std_mean": 1.6089191925227642,
      "pred_reward_std_median": 1.1260399222373962,
      "pred_reward_std_std": 1.0340338388549886,
      "pairwise_acc_total": 0.984109387755102,
      "pairwise_acc_n_pairs": 1225000
    },
    {
      "ndcg@1_mean": 0.9995156454950982,
      "ndcg@1_median": 1.0,
      "ndcg@1_std": 0.003588859188740933,
      "ndcg@5_mean": 0.999554455381543,
      "ndcg@5_median": 0.9999927376112668,
      "ndcg@5_std": 0.001051777673954049,
      "ndcg@10_mean": 0.9996025618027099,
      "ndcg@10_median": 0.9998721090136437,
      "ndcg@10_std": 0.0007259989837033069,
      "ndcg@50_mean": 0.9998581179372561,
      "ndcg@50_median": 0.9999236611312121,
      "ndcg@50_std": 0.0003224586313506936,
      "precision@1_mean": 0.965,
      "precision@1_median": 1.0,
      "precision@1_std": 0.1837797594948911,
      "precision@5_mean": 0.947,
      "precision@5_median": 1.0,
      "precision@5_std": 0.09268764750493994,
      "precision@10_mean": 0.9624000000000001,
      "precision@10_median": 1.0,
      "precision@10_std": 0.051441617392924174,
      "precision@50_mean": 1.0,
      "precision@50_median": 1.0,
      "precision@50_std": 0.0,
      "regret@1_mean": 0.0011967471241950988,
      "regret@1_median": 0.0,
      "regret@1_std": 0.0083805193875879,
      "regret@5_mean": 0.0011483343243598937,
      "regret@5_median": 0.0,
      "regret@5_std": 0.003456432706914425,
      "regret@10_mean": 0.001098431408405304,
      "regret@10_median": 0.0,
      "regret@10_std": 0.0023686369439246853,
      "regret@50_mean": 0.06383333331346512,
      "regret@50_median": 0.0,
      "regret@50_std": 0.32293407478300845,
      "spearman_mean": 0.9967114525810323,
      "spearman_median": 0.9970228091236494,
      "spearman_std": 0.001437735289144729,
      "kendall_mean": 0.9671575510204081,
      "kendall_median": 0.9673469387755101,
      "kendall_std": 0.00921437682961712,
      "pairwise_acc": [],
      "pred_reward_std_mean": 1.6168144004046916,
      "pred_reward_std_median": 1.1314403414726257,
      "pred_reward_std_std": 1.0331525552074552,
      "pairwise_acc_total": 0.9835787755102041,
      "pairwise_acc_n_pairs": 1225000
    },
    {
      "ndcg@1_mean": 0.9994725305500952,
      "ndcg@1_median": 1.0,
      "ndcg@1_std": 0.004021709706843181,
      "ndcg@5_mean": 0.999713466324733,
      "ndcg@5_median": 1.0,
      "ndcg@5_std": 0.0009028555604520441,
      "ndcg@10_mean": 0.9997277627576686,
      "ndcg@10_median": 0.9999553631578622,
      "ndcg@10_std": 0.0007513234991162617,
      "ndcg@50_mean": 0.999881005669299,
      "ndcg@50_median": 0.9999510401220979,
      "ndcg@50_std": 0.00044878328269967364,
      "precision@1_mean": 0.965,
      "precision@1_median": 1.0,
      "precision@1_std": 0.1837797594948911,
      "precision@5_mean": 0.9638000000000001,
      "precision@5_median": 1.0,
      "precision@5_std": 0.07700363627777586,
      "precision@10_mean": 0.9700000000000001,
      "precision@10_median": 1.0,
      "precision@10_std": 0.04878524367060186,
      "precision@50_mean": 1.0,
      "precision@50_median": 1.0,
      "precision@50_std": 0.0,
      "regret@1_mean": 0.0010126333832740785,
      "regret@1_median": 0.0,
      "regret@1_std": 0.006589758169227198,
      "regret@5_mean": 0.0005688674449920655,
      "regret@5_median": 0.0,
      "regret@5_std": 0.002001708989675596,
      "regret@10_mean": 0.0006474968791007995,
      "regret@10_median": 0.0,
      "regret@10_std": 0.001741846899387586,
      "regret@50_mean": 0.06533333331346512,
      "regret@50_median": 0.0,
      "regret@50_std": 0.3135963434991188,
      "spearman_mean": 0.9972355342136855,
      "spearman_median": 0.9975030012004802,
      "spearman_std": 0.0013703802726260103,
      "kendall_mean": 0.9714008163265306,
      "kendall_median": 0.9722448979591838,
      "kendall_std": 0.009010959831480161,
      "pairwise_acc": [],
      "pred_reward_std_mean": 1.624159659385681,
      "pred_reward_std_median": 1.1282341480255127,
      "pred_reward_std_std": 1.0462247941575495,
      "pairwise_acc_total": 0.9857004081632653,
      "pairwise_acc_n_pairs": 1225000
    }
  ],
  "ensemble_mean": {
    "ndcg@1_mean": 0.9994632068563317,
    "ndcg@5_mean": 0.9996325750128804,
    "ndcg@10_mean": 0.9996736918489745,
    "ndcg@50_mean": 0.9998657242226328,
    "precision@1_mean": 0.965,
    "precision@5_mean": 0.9561333333333334,
    "precision@10_mean": 0.9673000000000002,
    "precision@50_mean": 1.0,
    "regret@1_mean": 0.0011241316994031272,
    "regret@5_mean": 0.0007982802788416545,
    "regret@10_mean": 0.000793243149916331,
    "regret@50_mean": 0.06883333331346513,
    "spearman_mean": 0.996925682272909,
    "kendall_mean": 0.9689257142857143,
    "pred_reward_std_mean": 1.6166310841043787,
    "pairwise_acc_total": 0.9844628571428572
  }
}