{
  "case": "buchanan",
  "wall_budget_s": 30.0,
  "sweep": {
    "0.0000": {
      "sa": {
        "best": 229.46980887028107,
        "n_iter": 8630,
        "wall_s": 30.002131938934326
      },
      "mpc": {
        "best": 227.78419286571076,
        "n_eps": 12,
        "wall_s": 32.140159130096436
      },
      "delay_s": 0.0
    },
    "0.0010": {
      "sa": {
        "best": 228.76197678669246,
        "n_iter": 403,
        "wall_s": 30.02630615234375
      },
      "mpc": {
        "best": 227.78419286571076,
        "n_eps": 11,
        "wall_s": 30.92068099975586
      },
      "delay_s": 0.001
    },
    "0.0100": {
      "sa": {
        "best": 228.76197678669246,
        "n_iter": 48,
        "wall_s": 30.217949867248535
      },
      "mpc": {
        "best": 227.78419286571076,
        "n_eps": 10,
        "wall_s": 30.962828159332275
      },
      "delay_s": 0.01
    },
    "0.0500": {
      "sa": {
        "best": 228.76197678669246,
        "n_iter": 12,
        "wall_s": 32.5873658657074
      },
      "mpc": {
        "best": 227.78419286571076,
        "n_eps": 7,
        "wall_s": 33.57858991622925
      },
      "delay_s": 0.05
    },
    "0.1000": {
      "sa": {
        "best": 228.76197678669246,
        "n_iter": 6,
        "wall_s": 31.345458269119263
      },
      "mpc": {
        "best": 226.99540795021838,
        "n_eps": 5,
        "wall_s": 37.37505578994751
      },
      "delay_s": 0.1
    }
  }
}