{
  "region": "Neijiang Dongxing",
  "mode": "baseline",
  "lambda_rank": 5.0,
  "n_seeds": 5,
  "eval_episodes_per_seed": 5,
  "per_seed": {
    "0": {
      "slopes": [
        -0.5003956469779293,
        -0.5003956469779293,
        -0.5003956469779293,
        -0.5003956469779293,
        -0.5003956469779293
      ],
      "rewards": [
        77.89434708998975,
        76.81083855524126,
        76.79395792788115,
        72.06107594825322,
        77.1350547784186
      ],
      "times": [
        2340.7904913425446,
        2026.5084280967712,
        2065.1122846603394,
        2226.7088935375214,
        2185.0337913036346
      ],
      "cont_deltas": [
        0.032710893427209786,
        0.032710893427209786,
        0.032710893427209786,
        0.032710893427209786,
        0.032710893427209786
      ],
      "cont_pcts": [
        1.2431030997098358,
        1.2431030997098358,
        1.2431030997098358,
        1.2431030997098358,
        1.2431030997098358
      ],
      "baimu_count_deltas": [
        -7,
        -7,
        -7,
        -7,
        -7
      ],
      "baimu_area_deltas_ha": [
        246.4619259159088,
        246.4619259159088,
        246.4619259159088,
        246.4619259159088,
        246.4619259159088
      ]
    },
    "1": {
      "slopes": [
        -0.49412776044127343,
        -0.49412776044127343,
        -0.49412776044127343,
        -0.49412776044127343,
        -0.49412776044127343
      ],
      "rewards": [
        47.57376239439393,
        42.523571588418015,
        47.74005326779163,
        47.65355249363533,
        47.65355249363533
      ],
      "times": [
        2386.7020168304443,
        2277.9856967926025,
        2275.1867151260376,
        2092.9775121212006,
        2087.3591678142548
      ],
      "cont_deltas": [
        0.032317313158700234,
        0.032317313158700234,
        0.032317313158700234,
        0.032317313158700234,
        0.032317313158700234
      ],
      "cont_pcts": [
        1.2281459768523513,
        1.2281459768523513,
        1.2281459768523513,
        1.2281459768523513,
        1.2281459768523513
      ],
      "baimu_count_deltas": [
        -9,
        -9,
        -9,
        -9,
        -9
      ],
      "baimu_area_deltas_ha": [
        261.466825397861,
        261.466825397861,
        261.466825397861,
        261.466825397861,
        261.466825397861
      ]
    },
    "2": {
      "slopes": [
        -0.5293095176146269,
        -0.5316681032919581,
        -0.5293095176146269,
        -0.5316196393356424,
        -0.5316196393356424
      ],
      "rewards": [
        78.2032996318144,
        78.29107412970197,
        78.20329963181436,
        73.41716861464045,
        72.74579413493656
      ],
      "times": [
        2080.0977079868317,
        2069.959285259247,
        2067.0754001140594,
        2071.6746711730957,
        2058.668149471283
      ],
      "cont_deltas": [
        0.033716709668955236,
        0.033454322823282645,
        0.033716709668955236,
        0.03358551624611872,
        0.03358551624611872
      ],
      "cont_pcts": [
        1.2813268581233617,
        1.2713554428850558,
        1.2813268581233617,
        1.2763411505042004,
        1.2763411505042004
      ],
      "baimu_count_deltas": [
        -11,
        -12,
        -11,
        -12,
        -12
      ],
      "baimu_area_deltas_ha": [
        238.4881584859252,
        237.1180947829485,
        238.4881584859252,
        239.75049334436656,
        239.75049334436656
      ]
    },
    "3": {
      "slopes": [
        -0.520494870057595,
        -0.520494870057595,
        -0.520494870057595,
        -0.520494870057595,
        -0.520494870057595
      ],
      "rewards": [
        67.78753356309707,
        67.81508393014464,
        67.40594501353297,
        62.6831510388403,
        67.40329121567915
      ],
      "times": [
        2089.363315343857,
        2088.479938030243,
        2080.47273850441,
        2122.7289938926697,
        2136.343463897705
      ],
      "cont_deltas": [
        0.03441640792408274,
        0.03441640792408274,
        0.03441640792408274,
        0.03441640792408274,
        0.03441640792408274
      ],
      "cont_pcts": [
        1.307917298758867,
        1.307917298758867,
        1.307917298758867,
        1.307917298758867,
        1.307917298758867
      ],
      "baimu_count_deltas": [
        -11,
        -11,
        -11,
        -11,
        -11
      ],
      "baimu_area_deltas_ha": [
        247.22605630646945,
        247.22605630646945,
        247.22605630646945,
        247.22605630646945,
        247.22605630646945
      ]
    },
    "4": {
      "slopes": [
        -0.4607994313520933,
        -0.4607994313520933,
        -0.4607994313520933,
        -0.4607994313520933,
        -0.4607994313520933
      ],
      "rewards": [
        58.34469959965603,
        63.34371452552705,
        58.34371452552704,
        58.19761250951587,
        58.343714525527034
      ],
      "times": [
        2121.7822148799896,
        2038.4062707424164,
        2305.416400194168,
        2086.11603474617,
        2163.2261221408844
      ],
      "cont_deltas": [
        0.03546595530677399,
        0.03546595530677399,
        0.03546595530677399,
        0.03546595530677399,
        0.03546595530677399
      ],
      "cont_pcts": [
        1.3478029597121248,
        1.3478029597121248,
        1.3478029597121248,
        1.3478029597121248,
        1.3478029597121248
      ],
      "baimu_count_deltas": [
        -17,
        -17,
        -17,
        -17,
        -17
      ],
      "baimu_area_deltas_ha": [
        341.5826389158845,
        341.5826389158845,
        341.5826389158845,
        341.5826389158845,
        341.5826389158845
      ]
    }
  },
  "cross_seed": {
    "slope_pct_mean": -0.5013045984534781,
    "slope_pct_std": 0.024189537243931174,
    "cont_pct_mean": 1.2808615254122429,
    "cont_pct_std": 0.04342858837789546,
    "cont_raw_delta_mean": 0.03370446494949057,
    "cont_raw_delta_std": 0.0011427756285501123,
    "baimu_count_delta_mean": -11.120000000000001,
    "baimu_count_delta_std": 3.355234716081723,
    "baimu_area_delta_ha_mean": 267.09130524496607,
    "baimu_area_delta_ha_std": 37.96255037672903,
    "reward_mean": 64.97475452510453,
    "reward_std": 11.147493498662863
  },
  "bishan_reference_slope": -1.289,
  "bishan_reference_slope_std": 0.079
}