{
  "preset_id": "mixed_medium_frag",
  "seed": 2,
  "method": "Contrastive-MPC",
  "n_blocks": 2600,
  "init_slope_deg": 1.7445466953930788,
  "final_slope_deg": 1.736927668969027,
  "slope_pct": -0.43673387729728663,
  "init_contiguity": 3.9375978658006145,
  "final_contiguity": 3.9418894623905354,
  "cont_delta": 0.004291596589920843,
  "cont_pct": 0.10899022006019982,
  "init_baimu_count": 66,
  "final_baimu_count": 63,
  "baimu_count_delta": -3,
  "init_baimu_area_ha": 72194.40540298817,
  "final_baimu_area_ha": 72310.83891231655,
  "baimu_area_delta_ha": 116.43350932840109,
  "total_reward": 34.87084507736538,
  "wall_seconds": 18931.07775259018,
  "exchange_pairs_used": 51,
  "extra": {
    "n_models": 5,
    "epochs": 30,
    "horizon": 5,
    "top_k": 50,
    "lambda_rank": 5.0,
    "n_states": 1000,
    "n_actions": 50,
    "device": "cpu",
    "data_wall_seconds": 16009.766640424728,
    "train_wall_seconds": 2159.8016109466553,
    "eval_wall_seconds": 761.5095012187958
  }
}