{
  "preset_id": "mixed_medium_frag",
  "seed": 0,
  "method": "Contrastive-MPC",
  "n_blocks": 2600,
  "init_slope_deg": 1.7645785511971788,
  "final_slope_deg": 1.7561566031898455,
  "slope_pct": -0.4772781580972658,
  "init_contiguity": 3.9537589064999272,
  "final_contiguity": 3.957248800348989,
  "cont_delta": 0.0034898938490619535,
  "cont_pct": 0.08826774527141348,
  "init_baimu_count": 92,
  "final_baimu_count": 90,
  "baimu_count_delta": -2,
  "init_baimu_area_ha": 72535.90584892979,
  "final_baimu_area_ha": 72651.33828455003,
  "baimu_area_delta_ha": 115.43243562024831,
  "total_reward": 26.648338962009923,
  "wall_seconds": 16880.651584148407,
  "exchange_pairs_used": 66,
  "extra": {
    "n_models": 5,
    "epochs": 30,
    "horizon": 5,
    "top_k": 50,
    "lambda_rank": 5.0,
    "n_states": 1000,
    "n_actions": 50,
    "device": "cpu",
    "data_wall_seconds": 11027.342714309692,
    "train_wall_seconds": 5044.8311285972595,
    "eval_wall_seconds": 808.4777412414551
  }
}