{
  "preset_id": "mixed_medium_frag",
  "seed": 3,
  "method": "Contrastive-MPC",
  "n_blocks": 2600,
  "init_slope_deg": 1.6841105798748932,
  "final_slope_deg": 1.6776194584080097,
  "slope_pct": -0.38543320993599295,
  "init_contiguity": 3.968972315076712,
  "final_contiguity": 3.9717722350789977,
  "cont_delta": 0.002799920002285461,
  "cont_pct": 0.07054521354545712,
  "init_baimu_count": 82,
  "final_baimu_count": 78,
  "baimu_count_delta": -4,
  "init_baimu_area_ha": 72990.10265391562,
  "final_baimu_area_ha": 73088.50521162116,
  "baimu_area_delta_ha": 98.40255770554542,
  "total_reward": 27.22017006714671,
  "wall_seconds": 19174.626202106476,
  "exchange_pairs_used": 57,
  "extra": {
    "n_models": 5,
    "epochs": 30,
    "horizon": 5,
    "top_k": 50,
    "lambda_rank": 5.0,
    "n_states": 1000,
    "n_actions": 50,
    "device": "cpu",
    "data_wall_seconds": 16192.418826580048,
    "train_wall_seconds": 2194.3622817993164,
    "eval_wall_seconds": 787.8450937271118
  }
}