{
  "preset_id": "mixed_medium_frag",
  "seed": 4,
  "method": "Contrastive-MPC",
  "n_blocks": 2600,
  "init_slope_deg": 1.7501880553686042,
  "final_slope_deg": 1.7427759216299847,
  "slope_pct": -0.4235049894143192,
  "init_contiguity": 3.9477377760027386,
  "final_contiguity": 3.9499058595310093,
  "cont_delta": 0.0021680835282706923,
  "cont_pct": 0.054919643750350855,
  "init_baimu_count": 91,
  "final_baimu_count": 89,
  "baimu_count_delta": -2,
  "init_baimu_area_ha": 71810.21260477579,
  "final_baimu_area_ha": 71899.75207576567,
  "baimu_area_delta_ha": 89.53947098988294,
  "total_reward": 23.68824879630201,
  "wall_seconds": 16558.560180664062,
  "exchange_pairs_used": 51,
  "extra": {
    "n_models": 5,
    "epochs": 30,
    "horizon": 5,
    "top_k": 50,
    "lambda_rank": 5.0,
    "n_states": 1000,
    "n_actions": 50,
    "device": "cpu",
    "data_wall_seconds": 11157.68491268158,
    "train_wall_seconds": 4645.392167568207,
    "eval_wall_seconds": 755.4831004142761
  }
}