{
  "preset_id": "mixed_medium_frag",
  "seed": 1,
  "method": "Contrastive-MPC",
  "n_blocks": 2600,
  "init_slope_deg": 1.6696914334322095,
  "final_slope_deg": 1.6624748533838012,
  "slope_pct": -0.43221040150957346,
  "init_contiguity": 3.9457065956646313,
  "final_contiguity": 3.9490637571267326,
  "cont_delta": 0.003357161462101299,
  "cont_pct": 0.08508391012351525,
  "init_baimu_count": 87,
  "final_baimu_count": 86,
  "baimu_count_delta": -1,
  "init_baimu_area_ha": 71898.74073003091,
  "final_baimu_area_ha": 71989.39318505647,
  "baimu_area_delta_ha": 90.6524550255537,
  "total_reward": 34.09548821188946,
  "wall_seconds": 19387.64465689659,
  "exchange_pairs_used": 52,
  "extra": {
    "n_models": 5,
    "epochs": 30,
    "horizon": 5,
    "top_k": 50,
    "lambda_rank": 5.0,
    "n_states": 1000,
    "n_actions": 50,
    "device": "cpu",
    "data_wall_seconds": 16235.435006141663,
    "train_wall_seconds": 2328.5658810138702,
    "eval_wall_seconds": 823.6437697410583
  }
}