{
  "preset_id": "hilly_small_cons",
  "seed": 0,
  "method": "Contrastive-MPC",
  "n_blocks": 800,
  "init_slope_deg": 7.444048352152274,
  "final_slope_deg": 7.425001754822011,
  "slope_pct": -0.2558634284630358,
  "init_contiguity": 3.75821325648415,
  "final_contiguity": 3.7677233429394814,
  "cont_delta": 0.009510086455331468,
  "cont_pct": 0.25304807846171695,
  "init_baimu_count": 52,
  "final_baimu_count": 61,
  "baimu_count_delta": 9,
  "init_baimu_area_ha": 19167.12451527365,
  "final_baimu_area_ha": 19270.610597018916,
  "baimu_area_delta_ha": 103.48608174526692,
  "total_reward": 72.47392646418795,
  "wall_seconds": 4265.5175795555115,
  "exchange_pairs_used": 45,
  "extra": {
    "n_models": 5,
    "epochs": 30,
    "horizon": 5,
    "top_k": 50,
    "lambda_rank": 5.0,
    "n_states": 1000,
    "n_actions": 50,
    "device": "cpu",
    "data_wall_seconds": 2388.3203704357147,
    "train_wall_seconds": 1662.5251252651215,
    "eval_wall_seconds": 214.6720838546753
  }
}