{
  "preset_id": "hilly_small_cons",
  "seed": 3,
  "method": "Contrastive-MPC",
  "n_blocks": 800,
  "init_slope_deg": 6.936170109681127,
  "final_slope_deg": 6.918464946539519,
  "slope_pct": -0.2552584908045462,
  "init_contiguity": 3.7444507683551507,
  "final_contiguity": 3.7541263517359136,
  "cont_delta": 0.009675583380762909,
  "cont_pct": 0.2583979321264617,
  "init_baimu_count": 36,
  "final_baimu_count": 46,
  "baimu_count_delta": 10,
  "init_baimu_area_ha": 20062.098653924804,
  "final_baimu_area_ha": 20255.832349841676,
  "baimu_area_delta_ha": 193.73369591687023,
  "total_reward": 79.57990469973235,
  "wall_seconds": 4277.576846837997,
  "exchange_pairs_used": 46,
  "extra": {
    "n_models": 5,
    "epochs": 30,
    "horizon": 5,
    "top_k": 50,
    "lambda_rank": 5.0,
    "n_states": 1000,
    "n_actions": 50,
    "device": "cpu",
    "data_wall_seconds": 3331.9019157886505,
    "train_wall_seconds": 717.073379278183,
    "eval_wall_seconds": 228.60155177116394
  }
}