{
  "preset_id": "hilly_small_cons",
  "seed": 2,
  "method": "Contrastive-MPC",
  "n_blocks": 800,
  "init_slope_deg": 7.03628023840521,
  "final_slope_deg": 7.0116013217263475,
  "slope_pct": -0.35073811506484126,
  "init_contiguity": 3.7210716871832004,
  "final_contiguity": 3.7320782041998553,
  "cont_delta": 0.011006517016654893,
  "cont_pct": 0.29578889933743213,
  "init_baimu_count": 72,
  "final_baimu_count": 80,
  "baimu_count_delta": 8,
  "init_baimu_area_ha": 19458.897199157196,
  "final_baimu_area_ha": 19617.924761230573,
  "baimu_area_delta_ha": 159.02756207337677,
  "total_reward": 81.82377720833202,
  "wall_seconds": 4136.001850605011,
  "exchange_pairs_used": 44,
  "extra": {
    "n_models": 5,
    "epochs": 30,
    "horizon": 5,
    "top_k": 50,
    "lambda_rank": 5.0,
    "n_states": 1000,
    "n_actions": 50,
    "device": "cpu",
    "data_wall_seconds": 3238.4931693077087,
    "train_wall_seconds": 684.6969397068024,
    "eval_wall_seconds": 212.81174159049988
  }
}