{
  "preset_id": "hilly_small_cons",
  "seed": 4,
  "method": "Contrastive-MPC",
  "n_blocks": 800,
  "init_slope_deg": 7.292332722216451,
  "final_slope_deg": 7.272771943091031,
  "slope_pct": -0.26823761161949655,
  "init_contiguity": 3.7049802833357677,
  "final_contiguity": 3.7122827515700307,
  "cont_delta": 0.00730246823426306,
  "cont_pct": 0.19709870650049546,
  "init_baimu_count": 50,
  "final_baimu_count": 62,
  "baimu_count_delta": 12,
  "init_baimu_area_ha": 18653.564658375228,
  "final_baimu_area_ha": 18769.2724071375,
  "baimu_area_delta_ha": 115.7077487622738,
  "total_reward": 89.52813582687831,
  "wall_seconds": 2527.1705162525177,
  "exchange_pairs_used": 43,
  "extra": {
    "n_models": 5,
    "epochs": 30,
    "horizon": 5,
    "top_k": 50,
    "lambda_rank": 5.0,
    "n_states": 1000,
    "n_actions": 50,
    "device": "cpu",
    "data_wall_seconds": 1667.9714074134827,
    "train_wall_seconds": 650.9976966381073,
    "eval_wall_seconds": 208.20141220092773
  }
}