{
  "preset_id": "hilly_small_cons",
  "seed": 1,
  "method": "Contrastive-MPC",
  "n_blocks": 800,
  "init_slope_deg": 6.664352160618872,
  "final_slope_deg": 6.649317889179576,
  "slope_pct": -0.2255923918327238,
  "init_contiguity": 3.664642960393177,
  "final_contiguity": 3.6744723908644117,
  "cont_delta": 0.009829430471234524,
  "cont_pct": 0.26822341359436525,
  "init_baimu_count": 64,
  "final_baimu_count": 74,
  "baimu_count_delta": 10,
  "init_baimu_area_ha": 19556.572494416705,
  "final_baimu_area_ha": 19644.30630401338,
  "baimu_area_delta_ha": 87.73380959667266,
  "total_reward": 75.3423541734154,
  "wall_seconds": 4176.063292264938,
  "exchange_pairs_used": 41,
  "extra": {
    "n_models": 5,
    "epochs": 30,
    "horizon": 5,
    "top_k": 50,
    "lambda_rank": 5.0,
    "n_states": 1000,
    "n_actions": 50,
    "device": "cpu",
    "data_wall_seconds": 3276.4402179718018,
    "train_wall_seconds": 685.1359641551971,
    "eval_wall_seconds": 214.48711013793945
  }
}