{
  "total_reward": 228.76125394836188,
  "n_selected": 50,
  "n_committed": 50,
  "budget_used": 131663.92908949632,
  "cum_components": {
    "risk_index": 141.31777768509878,
    "water_priority": 87.10573679923647,
    "connectivity": 0.4035714285714286,
    "cost_penalty": -0.06583196454474824
  },
  "max_iters": 100,
  "wall_s": 0.3520817756652832
}