{
  "preset_id": "plain_large_cons",
  "seed": 3,
  "method": "Greedy-Sequential",
  "n_blocks": 4500,
  "init_slope_deg": 0.5323198132547791,
  "final_slope_deg": 0.5315197694137295,
  "slope_pct": -0.15029383110086758,
  "init_contiguity": 4.219914938396107,
  "final_contiguity": 4.220546323497172,
  "cont_delta": 0.000631385101065085,
  "cont_pct": 0.014962033803668487,
  "init_baimu_count": 32,
  "final_baimu_count": 32,
  "baimu_count_delta": 0,
  "init_baimu_area_ha": 163129.21155154821,
  "final_baimu_area_ha": 163156.08954329445,
  "baimu_area_delta_ha": 26.877991746234894,
  "total_reward": 0.0,
  "wall_seconds": 3.784184455871582,
  "exchange_pairs_used": 100,
  "extra": {
    "baseline_returned": {
      "slope_change_pct": -0.15029382827749288,
      "cont_change": 0.000631385101065085,
      "baimu_count_change": 0.0,
      "baimu_area_change_ha": 26.877991746234894,
      "completed_swaps": 36.0,
      "elapsed": 2.551496744155884,
      "initial_slope": 0.5323198132547791,
      "final_slope": 0.5315197694137295,
      "initial_cont": 4.219914938396107,
      "final_cont": 4.220546323497172,
      "initial_baimu_count": 32.0,
      "final_baimu_count": 32.0
    }
  }
}