{
  "label": "synthetic-scale_economy-lam0",
  "n_blocks": 420,
  "members": [
    {
      "ndcg@1_mean": 0.9997627924947765,
      "ndcg@1_median": 1.0,
      "ndcg@1_std": 0.0019874247376545926,
      "ndcg@5_mean": 0.9993761644951448,
      "ndcg@5_median": 0.9999481001528832,
      "ndcg@5_std": 0.001198184568963321,
      "ndcg@10_mean": 0.9993289940332494,
      "ndcg@10_median": 0.9997551699623777,
      "ndcg@10_std": 0.0009181159114774434,
      "ndcg@50_mean": 0.9997661123012193,
      "ndcg@50_median": 0.9998104009469683,
      "ndcg@50_std": 0.00016194892312765608,
      "precision@1_mean": 0.972,
      "precision@1_median": 1.0,
      "precision@1_std": 0.16497272501841023,
      "precision@5_mean": 0.9486,
      "precision@5_median": 1.0,
      "precision@5_std": 0.08920784718846204,
      "precision@10_mean": 0.9571000000000002,
      "precision@10_median": 1.0,
      "precision@10_std": 0.05504171145594947,
      "precision@50_mean": 1.0,
      "precision@50_median": 1.0,
      "precision@50_std": 0.0,
      "regret@1_mean": 0.0006122258901596069,
      "regret@1_median": 0.0,
      "regret@1_std": 0.0050517999134185336,
      "regret@5_mean": 0.001892729938030243,
      "regret@5_median": 0.0,
      "regret@5_std": 0.0046694783737742645,
      "regret@10_mean": 0.0023731749057769773,
      "regret@10_median": 0.0,
      "regret@10_std": 0.004372132059915415,
      "regret@50_mean": 0.07616666662693024,
      "regret@50_median": 0.0,
      "regret@50_std": 0.32583870410169713,
      "spearman_mean": 0.9935907803121249,
      "spearman_median": 0.9940456182472988,
      "spearman_std": 0.0025105446669657855,
      "kendall_mean": 0.9481502040816326,
      "kendall_median": 0.9493877551020408,
      "kendall_std": 0.01183819115599578,
      "pairwise_acc": [],
      "pred_reward_std_mean": 34.096478202819824,
      "pred_reward_std_median": 34.08203125,
      "pred_reward_std_std": 3.0012518533351926,
      "pairwise_acc_total": 0.9740751020408164,
      "pairwise_acc_n_pairs": 1225000
    },
    {
      "ndcg@1_mean": 0.9991442901910516,
      "ndcg@1_median": 1.0,
      "ndcg@1_std": 0.0043637153055862896,
      "ndcg@5_mean": 0.999357637021425,
      "ndcg@5_median": 0.9999501760272116,
      "ndcg@5_std": 0.0011986420091694766,
      "ndcg@10_mean": 0.9993711717671934,
      "ndcg@10_median": 0.9997647224247488,
      "ndcg@10_std": 0.0009019729766391612,
      "ndcg@50_mean": 0.9997710075011437,
      "ndcg@50_median": 0.9998401154407915,
      "ndcg@50_std": 0.00023229287553513852,
      "precision@1_mean": 0.948,
      "precision@1_median": 1.0,
      "precision@1_std": 0.2220270253820467,
      "precision@5_mean": 0.9528000000000001,
      "precision@5_median": 1.0,
      "precision@5_std": 0.08632589414538373,
      "precision@10_mean": 0.9623000000000002,
      "precision@10_median": 1.0,
      "precision@10_std": 0.051852772346326854,
      "precision@50_mean": 1.0,
      "precision@50_median": 1.0,
      "precision@50_std": 0.0,
      "regret@1_mean": 0.0021872709393501283,
      "regret@1_median": 0.0,
      "regret@1_std": 0.011196309587143221,
      "regret@5_mean": 0.0015509912967681884,
      "regret@5_median": 0.0,
      "regret@5_std": 0.004213466747793669,
      "regret@10_mean": 0.0018656767010688782,
      "regret@10_median": 0.0,
      "regret@10_std": 0.0037679703816694532,
      "regret@50_mean": 0.06683333331346512,
      "regret@50_median": 0.0,
      "regret@50_std": 0.3199912759061986,
      "spearman_mean": 0.9947212484993996,
      "spearman_median": 0.9951020408163265,
      "spearman_std": 0.0022156621809415428,
      "kendall_mean": 0.9550938775510204,
      "kendall_median": 0.9559183673469387,
      "kendall_std": 0.010823883382527282,
      "pairwise_acc": [],
      "pred_reward_std_mean": 34.30938390541077,
      "pred_reward_std_median": 34.299137115478516,
      "pred_reward_std_std": 3.0150256514520044,
      "pairwise_acc_total": 0.9775469387755102,
      "pairwise_acc_n_pairs": 1225000
    },
    {
      "ndcg@1_mean": 0.9995169777868882,
      "ndcg@1_median": 1.0,
      "ndcg@1_std": 0.002924901654643298,
      "ndcg@5_mean": 0.9994846455676134,
      "ndcg@5_median": 0.9999797627510754,
      "ndcg@5_std": 0.001060520218784079,
      "ndcg@10_mean": 0.999353020084575,
      "ndcg@10_median": 0.9997683237972104,
      "ndcg@10_std": 0.000895064242399653,
      "ndcg@50_mean": 0.9997619236680723,
      "ndcg@50_median": 0.9998052211859003,
      "ndcg@50_std": 0.00017553802747614876,
      "precision@1_mean": 0.94,
      "precision@1_median": 1.0,
      "precision@1_std": 0.23748684174075838,
      "precision@5_mean": 0.9598,
      "precision@5_median": 1.0,
      "precision@5_std": 0.08014961010510281,
      "precision@10_mean": 0.9585000000000001,
      "precision@10_median": 1.0,
      "precision@10_std": 0.05355137719984425,
      "precision@50_mean": 1.0,
      "precision@50_median": 1.0,
      "precision@50_std": 0.0,
      "regret@1_mean": 0.0012450743913650514,
      "regret@1_median": 0.0,
      "regret@1_std": 0.007608086079513285,
      "regret@5_mean": 0.0014149507880210877,
      "regret@5_median": 0.0,
      "regret@5_std": 0.004045404280913199,
      "regret@10_mean": 0.0022461875081062318,
      "regret@10_median": 0.0,
      "regret@10_std": 0.004195168089467807,
      "regret@50_mean": 0.09449999994039536,
      "regret@50_median": 0.0,
      "regret@50_std": 0.3426007961178629,
      "spearman_mean": 0.9930508523409364,
      "spearman_median": 0.9935654261704682,
      "spearman_std": 0.002877737609747742,
      "kendall_mean": 0.9463412244897959,
      "kendall_median": 0.9477551020408163,
      "kendall_std": 0.012455767329839332,
      "pairwise_acc": [],
      "pred_reward_std_mean": 34.327332809448244,
      "pred_reward_std_median": 34.25083541870117,
      "pred_reward_std_std": 3.0900214971449613,
      "pairwise_acc_total": 0.973170612244898,
      "pairwise_acc_n_pairs": 1225000
    }
  ],
  "ensemble_mean": {
    "ndcg@1_mean": 0.9994746868242387,
    "ndcg@5_mean": 0.999406149028061,
    "ndcg@10_mean": 0.9993510619616726,
    "ndcg@50_mean": 0.9997663478234783,
    "precision@1_mean": 0.9533333333333333,
    "precision@5_mean": 0.9537333333333334,
    "precision@10_mean": 0.9593000000000002,
    "precision@50_mean": 1.0,
    "regret@1_mean": 0.0013481904069582622,
    "regret@5_mean": 0.0016195573409398397,
    "regret@10_mean": 0.002161679704984029,
    "regret@50_mean": 0.07916666662693024,
    "spearman_mean": 0.9937876270508202,
    "kendall_mean": 0.949861768707483,
    "pred_reward_std_mean": 34.24439830589295,
    "pairwise_acc_total": 0.9749308843537415
  }
}