{
  "label": "synthetic-scale_economy-lam5",
  "n_blocks": 420,
  "members": [
    {
      "ndcg@1_mean": 0.999864375130875,
      "ndcg@1_median": 1.0,
      "ndcg@1_std": 0.0012931945745107939,
      "ndcg@5_mean": 0.9996623006181772,
      "ndcg@5_median": 1.0,
      "ndcg@5_std": 0.0008175137497924957,
      "ndcg@10_mean": 0.9996630085266166,
      "ndcg@10_median": 0.9999130555858375,
      "ndcg@10_std": 0.0005508872236787484,
      "ndcg@50_mean": 0.9998802373820971,
      "ndcg@50_median": 0.9999060865876526,
      "ndcg@50_std": 0.00010048952593546599,
      "precision@1_mean": 0.975,
      "precision@1_median": 1.0,
      "precision@1_std": 0.15612494995995996,
      "precision@5_mean": 0.9632000000000001,
      "precision@5_median": 1.0,
      "precision@5_std": 0.07749683864519892,
      "precision@10_mean": 0.9684,
      "precision@10_median": 1.0,
      "precision@10_std": 0.04920812940968189,
      "precision@50_mean": 1.0,
      "precision@50_median": 1.0,
      "precision@50_std": 0.0,
      "regret@1_mean": 0.0003434436917304993,
      "regret@1_median": 0.0,
      "regret@1_std": 0.003290577465838896,
      "regret@5_mean": 0.0010199626684188842,
      "regret@5_median": 0.0,
      "regret@5_std": 0.003217783724523715,
      "regret@10_mean": 0.0011599829196929931,
      "regret@10_median": 0.0,
      "regret@10_std": 0.0025845423588904044,
      "regret@50_mean": 0.06199999994039535,
      "regret@50_median": 0.0,
      "regret@50_std": 0.3028391577995143,
      "spearman_mean": 0.9960906602641055,
      "spearman_median": 0.9963505402160864,
      "spearman_std": 0.0015850166920858863,
      "kendall_mean": 0.963018775510204,
      "kendall_median": 0.9640816326530611,
      "kendall_std": 0.00942808713306973,
      "pairwise_acc": [],
      "pred_reward_std_mean": 34.40701534080505,
      "pred_reward_std_median": 34.405677795410156,
      "pred_reward_std_std": 3.0385672227911606,
      "pairwise_acc_total": 0.981509387755102,
      "pairwise_acc_n_pairs": 1225000
    },
    {
      "ndcg@1_mean": 0.9991230676549946,
      "ndcg@1_median": 1.0,
      "ndcg@1_std": 0.004447978864964064,
      "ndcg@5_mean": 0.9994256214767504,
      "ndcg@5_median": 0.9999709818343031,
      "ndcg@5_std": 0.0010982867327353418,
      "ndcg@10_mean": 0.9994474652090871,
      "ndcg@10_median": 0.999809956021984,
      "ndcg@10_std": 0.0008169433539678991,
      "ndcg@50_mean": 0.9998081692035319,
      "ndcg@50_median": 0.9998765002003627,
      "ndcg@50_std": 0.0002345376600945861,
      "precision@1_mean": 0.945,
      "precision@1_median": 1.0,
      "precision@1_std": 0.22798026230356,
      "precision@5_mean": 0.9562,
      "precision@5_median": 1.0,
      "precision@5_std": 0.08319591336117416,
      "precision@10_mean": 0.9647,
      "precision@10_median": 1.0,
      "precision@10_std": 0.05063506690032115,
      "precision@50_mean": 1.0,
      "precision@50_median": 1.0,
      "precision@50_std": 0.0,
      "regret@1_mean": 0.002224472165107727,
      "regret@1_median": 0.0,
      "regret@1_std": 0.0113259753564597,
      "regret@5_mean": 0.0013115975856781005,
      "regret@5_median": 0.0,
      "regret@5_std": 0.003575688277159438,
      "regret@10_mean": 0.0015947589278221131,
      "regret@10_median": 0.0,
      "regret@10_std": 0.003333393377056115,
      "regret@50_mean": 0.06116666662693024,
      "regret@50_median": 0.0,
      "regret@50_std": 0.32669689482681225,
      "spearman_mean": 0.9960064345738294,
      "spearman_median": 0.9963505402160864,
      "spearman_std": 0.0016318933646677926,
      "kendall_mean": 0.9625779591836733,
      "kendall_median": 0.9640816326530611,
      "kendall_std": 0.009322257262405528,
      "pairwise_acc": [],
      "pred_reward_std_mean": 34.207415155410764,
      "pred_reward_std_median": 34.18526649475098,
      "pred_reward_std_std": 2.993335873793028,
      "pairwise_acc_total": 0.9812889795918367,
      "pairwise_acc_n_pairs": 1225000
    },
    {
      "ndcg@1_mean": 0.9997453420655388,
      "ndcg@1_median": 1.0,
      "ndcg@1_std": 0.001967738610749352,
      "ndcg@5_mean": 0.9997126323447563,
      "ndcg@5_median": 1.0,
      "ndcg@5_std": 0.0006956223606444938,
      "ndcg@10_mean": 0.9996522616696384,
      "ndcg@10_median": 0.9999008855373833,
      "ndcg@10_std": 0.0005627876619678401,
      "ndcg@50_mean": 0.9998630371642251,
      "ndcg@50_median": 0.9998909735187835,
      "ndcg@50_std": 0.00011597140629971943,
      "precision@1_mean": 0.956,
      "precision@1_median": 1.0,
      "precision@1_std": 0.20509509989270833,
      "precision@5_mean": 0.968,
      "precision@5_median": 1.0,
      "precision@5_std": 0.07332121111929342,
      "precision@10_mean": 0.9692000000000001,
      "precision@10_median": 1.0,
      "precision@10_std": 0.047868152251784264,
      "precision@50_mean": 1.0,
      "precision@50_median": 1.0,
      "precision@50_std": 0.0,
      "regret@1_mean": 0.0006710060238838195,
      "regret@1_median": 0.0,
      "regret@1_std": 0.0052530652997459385,
      "regret@5_mean": 0.0007706208229064941,
      "regret@5_median": 0.0,
      "regret@5_std": 0.002683660010749302,
      "regret@10_mean": 0.0011607375144958496,
      "regret@10_median": 0.0,
      "regret@10_std": 0.002550734790082443,
      "regret@50_mean": 0.08066666662693024,
      "regret@50_median": 0.0,
      "regret@50_std": 0.3513364958081671,
      "spearman_mean": 0.9955563985594238,
      "spearman_median": 0.9958703481392557,
      "spearman_std": 0.0018313360898307078,
      "kendall_mean": 0.9597208163265306,
      "kendall_median": 0.9608163265306122,
      "kendall_std": 0.009747739891187896,
      "pairwise_acc": [],
      "pred_reward_std_mean": 34.221755823135375,
      "pred_reward_std_median": 34.12141227722168,
      "pred_reward_std_std": 3.0966836766822254,
      "pairwise_acc_total": 0.9798604081632653,
      "pairwise_acc_n_pairs": 1225000
    }
  ],
  "ensemble_mean": {
    "ndcg@1_mean": 0.9995775949504694,
    "ndcg@5_mean": 0.9996001848132279,
    "ndcg@10_mean": 0.9995875784684474,
    "ndcg@50_mean": 0.9998504812499514,
    "precision@1_mean": 0.9586666666666667,
    "precision@5_mean": 0.9624666666666667,
    "precision@10_mean": 0.9674333333333335,
    "precision@50_mean": 1.0,
    "regret@1_mean": 0.0010796406269073485,
    "regret@5_mean": 0.0010340603590011596,
    "regret@10_mean": 0.0013051597873369855,
    "regret@50_mean": 0.06794444439808528,
    "spearman_mean": 0.9958844977991196,
    "kendall_mean": 0.9617725170068027,
    "pred_reward_std_mean": 34.27872877311706,
    "pairwise_acc_total": 0.9808862585034013
  }
}