{
  "case": "synthetic",
  "wall_budget_s": 30.0,
  "sweep": {
    "0.0000": {
      "sa": {
        "best": 8981.075814438467,
        "n_iter": 10012,
        "wall_s": 30.001203298568726
      },
      "mpc": {
        "best": 9523.228873546437,
        "n_eps": 13,
        "wall_s": 30.30624794960022
      },
      "delay_s": 0.0
    },
    "0.0010": {
      "sa": {
        "best": 8679.673631681084,
        "n_iter": 319,
        "wall_s": 30.06794500350952
      },
      "mpc": {
        "best": 9523.228873546437,
        "n_eps": 8,
        "wall_s": 30.31030797958374
      },
      "delay_s": 0.001
    },
    "0.0100": {
      "sa": {
        "best": 8592.43081509965,
        "n_iter": 40,
        "wall_s": 30.11506986618042
      },
      "mpc": {
        "best": 9523.228873546437,
        "n_eps": 7,
        "wall_s": 30.37204599380493
      },
      "delay_s": 0.01
    },
    "0.0500": {
      "sa": {
        "best": 8592.43081509965,
        "n_iter": 10,
        "wall_s": 32.8553831577301
      },
      "mpc": {
        "best": 9523.228873546437,
        "n_eps": 6,
        "wall_s": 33.58130598068237
      },
      "delay_s": 0.05
    },
    "0.1000": {
      "sa": {
        "best": 8592.43081509965,
        "n_iter": 5,
        "wall_s": 31.52077627182007
      },
      "mpc": {
        "best": 9523.228873546437,
        "n_eps": 4,
        "wall_s": 34.1608989238739
      },
      "delay_s": 0.1
    }
  }
}