{
  "preset_id": "neijiang_clone",
  "seed": 1,
  "method": "Greedy-Sequential",
  "n_blocks": 3700,
  "init_slope_deg": 11.944192715814374,
  "final_slope_deg": 11.941637768794036,
  "slope_pct": -0.021390704931902548,
  "init_contiguity": 3.7818297974285944,
  "final_contiguity": 3.7828413235020095,
  "cont_delta": 0.0010115260734151477,
  "cont_pct": 0.026747001449621593,
  "init_baimu_count": 245,
  "final_baimu_count": 244,
  "baimu_count_delta": -1,
  "init_baimu_area_ha": 87465.17929643195,
  "final_baimu_area_ha": 87481.8887427964,
  "baimu_area_delta_ha": 16.709446364450454,
  "total_reward": 0.0,
  "wall_seconds": 2.348945379257202,
  "exchange_pairs_used": 100,
  "extra": {
    "baseline_returned": {
      "slope_change_pct": -0.021390704913993672,
      "cont_change": 0.0010115260734151477,
      "baimu_count_change": -1.0,
      "baimu_area_change_ha": 16.709446364450454,
      "completed_swaps": 23.0,
      "elapsed": 1.9410011768341064,
      "initial_slope": 11.944192715814374,
      "final_slope": 11.941637768794036,
      "initial_cont": 3.7818297974285944,
      "final_cont": 3.7828413235020095,
      "initial_baimu_count": 245.0,
      "final_baimu_count": 244.0
    }
  }
}