{
  "label": "synthetic-connectivity_dominant-lam0",
  "n_blocks": 420,
  "members": [
    {
      "ndcg@1_mean": 0.9987491866905012,
      "ndcg@1_median": 1.0,
      "ndcg@1_std": 0.0068233697336836365,
      "ndcg@5_mean": 0.9989101856193274,
      "ndcg@5_median": 1.0,
      "ndcg@5_std": 0.002613030661934024,
      "ndcg@10_mean": 0.9990193202407115,
      "ndcg@10_median": 0.999746599297114,
      "ndcg@10_std": 0.0016621515751406263,
      "ndcg@50_mean": 0.9996542311651312,
      "ndcg@50_median": 0.999832419843335,
      "ndcg@50_std": 0.0005064546602793554,
      "precision@1_mean": 0.945,
      "precision@1_median": 1.0,
      "precision@1_std": 0.22798026230356,
      "precision@5_mean": 0.9562,
      "precision@5_median": 1.0,
      "precision@5_std": 0.08556611478850723,
      "precision@10_mean": 0.9587,
      "precision@10_median": 1.0,
      "precision@10_std": 0.05713414040659052,
      "precision@50_mean": 1.0,
      "precision@50_median": 1.0,
      "precision@50_std": 0.0,
      "regret@1_mean": 0.0028441625237464905,
      "regret@1_median": 0.0,
      "regret@1_std": 0.015528522634702658,
      "regret@5_mean": 0.002687637269496918,
      "regret@5_median": 0.0,
      "regret@5_std": 0.008345875014971927,
      "regret@10_mean": 0.0027944048047065734,
      "regret@10_median": 0.0,
      "regret@10_std": 0.0061664760626437675,
      "regret@50_mean": 0.05433333331346512,
      "regret@50_median": 0.0,
      "regret@50_std": 0.36008193510493347,
      "spearman_mean": 0.9942406722689074,
      "spearman_median": 0.995390156062425,
      "spearman_std": 0.0037273621792844117,
      "kendall_mean": 0.9564734693877551,
      "kendall_median": 0.9591836734693877,
      "kendall_std": 0.015069520418634645,
      "pairwise_acc": [],
      "pred_reward_std_mean": 13.35654647731781,
      "pred_reward_std_median": 13.328096866607666,
      "pred_reward_std_std": 1.2266882006420154,
      "pairwise_acc_total": 0.9782367346938775,
      "pairwise_acc_n_pairs": 1225000
    },
    {
      "ndcg@1_mean": 0.9986691995292777,
      "ndcg@1_median": 1.0,
      "ndcg@1_std": 0.006909829786656013,
      "ndcg@5_mean": 0.9988451980332899,
      "ndcg@5_median": 0.999907892832522,
      "ndcg@5_std": 0.0025080570319679367,
      "ndcg@10_mean": 0.9990604302502554,
      "ndcg@10_median": 0.9997595520320195,
      "ndcg@10_std": 0.0016093875131345514,
      "ndcg@50_mean": 0.9996535989172316,
      "ndcg@50_median": 0.999844179127471,
      "ndcg@50_std": 0.000524708562810927,
      "precision@1_mean": 0.939,
      "precision@1_median": 1.0,
      "precision@1_std": 0.23933031567271204,
      "precision@5_mean": 0.9492,
      "precision@5_median": 1.0,
      "precision@5_std": 0.09110082326741069,
      "precision@10_mean": 0.9619000000000001,
      "precision@10_median": 1.0,
      "precision@10_std": 0.054574627804502694,
      "precision@50_mean": 1.0,
      "precision@50_median": 1.0,
      "precision@50_std": 0.0,
      "regret@1_mean": 0.0030554115176200866,
      "regret@1_median": 0.0,
      "regret@1_std": 0.01576878193707308,
      "regret@5_mean": 0.0026965575218200685,
      "regret@5_median": 0.0,
      "regret@5_std": 0.0077802639429015935,
      "regret@10_mean": 0.0023785140514373778,
      "regret@10_median": 0.0,
      "regret@10_std": 0.005569868239342027,
      "regret@50_mean": 0.07216666662693023,
      "regret@50_median": 0.0,
      "regret@50_std": 0.331306798034222,
      "spearman_mean": 0.9948692436974789,
      "spearman_median": 0.996062424969988,
      "spearman_std": 0.0035995349567469917,
      "kendall_mean": 0.9601338775510203,
      "kendall_median": 0.9624489795918366,
      "kendall_std": 0.014481299124153147,
      "pairwise_acc": [],
      "pred_reward_std_mean": 13.339545207977295,
      "pred_reward_std_median": 13.312475204467773,
      "pred_reward_std_std": 1.2231080096971896,
      "pairwise_acc_total": 0.9800669387755102,
      "pairwise_acc_n_pairs": 1225000
    },
    {
      "ndcg@1_mean": 0.9989444252210872,
      "ndcg@1_median": 1.0,
      "ndcg@1_std": 0.006388745133306037,
      "ndcg@5_mean": 0.9989679564857117,
      "ndcg@5_median": 1.0,
      "ndcg@5_std": 0.002474273597732311,
      "ndcg@10_mean": 0.9991080957179397,
      "ndcg@10_median": 0.9998569063420797,
      "ndcg@10_std": 0.0017091092615427353,
      "ndcg@50_mean": 0.9996656202186884,
      "ndcg@50_median": 0.9998549707129656,
      "ndcg@50_std": 0.0005139255153322524,
      "precision@1_mean": 0.955,
      "precision@1_median": 1.0,
      "precision@1_std": 0.20730412441627882,
      "precision@5_mean": 0.955,
      "precision@5_median": 1.0,
      "precision@5_std": 0.08541077215433658,
      "precision@10_mean": 0.9642000000000001,
      "precision@10_median": 1.0,
      "precision@10_std": 0.05475728262067064,
      "precision@50_mean": 1.0,
      "precision@50_median": 1.0,
      "precision@50_std": 0.0,
      "regret@1_mean": 0.002404185354709625,
      "regret@1_median": 0.0,
      "regret@1_std": 0.014564288022609916,
      "regret@5_mean": 0.0025354825854301453,
      "regret@5_median": 0.0,
      "regret@5_std": 0.00746219537347213,
      "regret@10_mean": 0.00245444256067276,
      "regret@10_median": 0.0,
      "regret@10_std": 0.006068738319021268,
      "regret@50_mean": 0.06516666662693024,
      "regret@50_median": 0.0,
      "regret@50_std": 0.36636802228969956,
      "spearman_mean": 0.9941272509003599,
      "spearman_median": 0.9952941176470588,
      "spearman_std": 0.00383321246988849,
      "kendall_mean": 0.9557632653061224,
      "kendall_median": 0.9583673469387755,
      "kendall_std": 0.015276955066426815,
      "pairwise_acc": [],
      "pred_reward_std_mean": 13.336852178573608,
      "pred_reward_std_median": 13.316661834716797,
      "pred_reward_std_std": 1.2502922738775462,
      "pairwise_acc_total": 0.9778816326530613,
      "pairwise_acc_n_pairs": 1225000
    }
  ],
  "ensemble_mean": {
    "ndcg@1_mean": 0.998787603813622,
    "ndcg@5_mean": 0.9989077800461098,
    "ndcg@10_mean": 0.9990626154029689,
    "ndcg@50_mean": 0.999657816767017,
    "precision@1_mean": 0.9463333333333334,
    "precision@5_mean": 0.9534666666666668,
    "precision@10_mean": 0.9616000000000001,
    "precision@50_mean": 1.0,
    "regret@1_mean": 0.0027679197986920675,
    "regret@5_mean": 0.0026398924589157106,
    "regret@10_mean": 0.0025424538056055706,
    "regret@50_mean": 0.06388888885577519,
    "spearman_mean": 0.994412388955582,
    "kendall_mean": 0.9574568707482993,
    "pred_reward_std_mean": 13.34431462128957,
    "pairwise_acc_total": 0.9787284353741498
  }
}