{
  "label": "synthetic-connectivity_dominant-lam5",
  "n_blocks": 420,
  "members": [
    {
      "ndcg@1_mean": 0.9987869011686317,
      "ndcg@1_median": 1.0,
      "ndcg@1_std": 0.006391993452470467,
      "ndcg@5_mean": 0.9991184749894366,
      "ndcg@5_median": 1.0,
      "ndcg@5_std": 0.002255443797603516,
      "ndcg@10_mean": 0.9991766885170871,
      "ndcg@10_median": 0.999901594104077,
      "ndcg@10_std": 0.0015949892693320812,
      "ndcg@50_mean": 0.9997197939733982,
      "ndcg@50_median": 0.9999064670000242,
      "ndcg@50_std": 0.00047458929015701233,
      "precision@1_mean": 0.938,
      "precision@1_median": 1.0,
      "precision@1_std": 0.24115555146004827,
      "precision@5_mean": 0.9606000000000001,
      "precision@5_median": 1.0,
      "precision@5_std": 0.08104097728927014,
      "precision@10_mean": 0.9670000000000001,
      "precision@10_median": 1.0,
      "precision@10_std": 0.05244997616777341,
      "precision@50_mean": 1.0,
      "precision@50_median": 1.0,
      "precision@50_std": 0.0,
      "regret@1_mean": 0.00275649631023407,
      "regret@1_median": 0.0,
      "regret@1_std": 0.014643846812453652,
      "regret@5_mean": 0.002031268835067749,
      "regret@5_median": 0.0,
      "regret@5_std": 0.006902529107900383,
      "regret@10_mean": 0.0023013293147087096,
      "regret@10_median": 0.0,
      "regret@10_std": 0.005937582829988315,
      "regret@50_mean": 0.049499999940395355,
      "regret@50_median": 0.0,
      "regret@50_std": 0.32807481357077345,
      "spearman_mean": 0.9958667947178871,
      "spearman_median": 0.9972148859543817,
      "spearman_std": 0.003438708578622544,
      "kendall_mean": 0.9679020408163266,
      "kendall_median": 0.970612244897959,
      "kendall_std": 0.013969100189345024,
      "pairwise_acc": [],
      "pred_reward_std_mean": 13.295202597618102,
      "pred_reward_std_median": 13.273096084594727,
      "pred_reward_std_std": 1.2234295438036353,
      "pairwise_acc_total": 0.9839510204081633,
      "pairwise_acc_n_pairs": 1225000
    },
    {
      "ndcg@1_mean": 0.9988648889371007,
      "ndcg@1_median": 1.0,
      "ndcg@1_std": 0.0065126780525647165,
      "ndcg@5_mean": 0.9990158042568135,
      "ndcg@5_median": 1.0,
      "ndcg@5_std": 0.0023524223581108286,
      "ndcg@10_mean": 0.9992060254878081,
      "ndcg@10_median": 0.9998780410446348,
      "ndcg@10_std": 0.001579859491022714,
      "ndcg@50_mean": 0.9997135807169022,
      "ndcg@50_median": 0.999901592172328,
      "ndcg@50_std": 0.0005061056798558915,
      "precision@1_mean": 0.946,
      "precision@1_median": 1.0,
      "precision@1_std": 0.22601769842204836,
      "precision@5_mean": 0.9568,
      "precision@5_median": 1.0,
      "precision@5_std": 0.0837481940103785,
      "precision@10_mean": 0.97,
      "precision@10_median": 1.0,
      "precision@10_std": 0.050398412673416604,
      "precision@50_mean": 1.0,
      "precision@50_median": 1.0,
      "precision@50_std": 0.0,
      "regret@1_mean": 0.002591961741447449,
      "regret@1_median": 0.0,
      "regret@1_std": 0.014868121952309082,
      "regret@5_mean": 0.0022414406538009642,
      "regret@5_median": 0.0,
      "regret@5_std": 0.007130822936558685,
      "regret@10_mean": 0.001957855463027954,
      "regret@10_median": 0.0,
      "regret@10_std": 0.00547705177153862,
      "regret@50_mean": 0.073,
      "regret@50_median": 0.0,
      "regret@50_std": 0.32583891725820596,
      "spearman_mean": 0.9961987995198078,
      "spearman_median": 0.9975030012004802,
      "spearman_std": 0.0033584121663062572,
      "kendall_mean": 0.9701746938775512,
      "kendall_median": 0.9738775510204083,
      "kendall_std": 0.013842180711403387,
      "pairwise_acc": [],
      "pred_reward_std_mean": 13.309961618423461,
      "pred_reward_std_median": 13.29406452178955,
      "pred_reward_std_std": 1.2147350637262546,
      "pairwise_acc_total": 0.9850873469387755,
      "pairwise_acc_n_pairs": 1225000
    },
    {
      "ndcg@1_mean": 0.9988597024848617,
      "ndcg@1_median": 1.0,
      "ndcg@1_std": 0.00656538475152674,
      "ndcg@5_mean": 0.9991358283036966,
      "ndcg@5_median": 1.0,
      "ndcg@5_std": 0.0022186736319236787,
      "ndcg@10_mean": 0.9991700968171711,
      "ndcg@10_median": 0.9998975970847348,
      "ndcg@10_std": 0.0016203166068896827,
      "ndcg@50_mean": 0.9997152566884648,
      "ndcg@50_median": 0.9999066160281642,
      "ndcg@50_std": 0.0004913253072021171,
      "precision@1_mean": 0.951,
      "precision@1_median": 1.0,
      "precision@1_std": 0.21586801523152985,
      "precision@5_mean": 0.9648000000000001,
      "precision@5_median": 1.0,
      "precision@5_std": 0.07772361288566042,
      "precision@10_mean": 0.9654,
      "precision@10_median": 1.0,
      "precision@10_std": 0.05369208507778404,
      "precision@50_mean": 1.0,
      "precision@50_median": 1.0,
      "precision@50_std": 0.0,
      "regret@1_mean": 0.0026066426038742064,
      "regret@1_median": 0.0,
      "regret@1_std": 0.014995701550853165,
      "regret@5_mean": 0.0019475468397140503,
      "regret@5_median": 0.0,
      "regret@5_std": 0.006666794311221446,
      "regret@10_mean": 0.0023066230416297915,
      "regret@10_median": 0.0,
      "regret@10_std": 0.005940796115954161,
      "regret@50_mean": 0.06616666662693024,
      "regret@50_median": 0.0,
      "regret@50_std": 0.36068572805589627,
      "spearman_mean": 0.9957985114045618,
      "spearman_median": 0.9970228091236494,
      "spearman_std": 0.003480995128699911,
      "kendall_mean": 0.9672114285714285,
      "kendall_median": 0.970612244897959,
      "kendall_std": 0.014281759079294161,
      "pairwise_acc": [],
      "pred_reward_std_mean": 13.340368120193482,
      "pred_reward_std_median": 13.323568344116211,
      "pred_reward_std_std": 1.2381262382689704,
      "pairwise_acc_total": 0.9836057142857143,
      "pairwise_acc_n_pairs": 1225000
    }
  ],
  "ensemble_mean": {
    "ndcg@1_mean": 0.9988371641968646,
    "ndcg@5_mean": 0.9990900358499822,
    "ndcg@10_mean": 0.999184270274022,
    "ndcg@50_mean": 0.9997162104595884,
    "precision@1_mean": 0.945,
    "precision@5_mean": 0.9607333333333333,
    "precision@10_mean": 0.9674666666666667,
    "precision@50_mean": 1.0,
    "regret@1_mean": 0.002651700218518575,
    "regret@5_mean": 0.0020734187761942548,
    "regret@10_mean": 0.0021886026064554852,
    "regret@50_mean": 0.06288888885577519,
    "spearman_mean": 0.9959547018807523,
    "kendall_mean": 0.9684293877551021,
    "pred_reward_std_mean": 13.315177445411683,
    "pairwise_acc_total": 0.9842146938775511
  }
}