{
  "case": "synthetic",
  "wall_budget_s": 30.0,
  "sweep": {
    "0.0000": {
      "sa": {
        "best": 3644.0955338900126,
        "n_iter": 10725,
        "wall_s": 30.00088334083557
      },
      "mpc": {
        "best": 3264.3242215210985,
        "n_eps": 16,
        "wall_s": 31.194321155548096
      },
      "delay_s": 0.0
    },
    "0.0010": {
      "sa": {
        "best": 3439.176611615529,
        "n_iter": 354,
        "wall_s": 30.00178027153015
      },
      "mpc": {
        "best": 3264.3242215210985,
        "n_eps": 15,
        "wall_s": 32.353394746780396
      },
      "delay_s": 0.001
    },
    "0.0100": {
      "sa": {
        "best": 3439.176611615529,
        "n_iter": 41,
        "wall_s": 30.59042978286743
      },
      "mpc": {
        "best": 3260.6907340745583,
        "n_eps": 12,
        "wall_s": 32.721970081329346
      },
      "delay_s": 0.01
    },
    "0.0500": {
      "sa": {
        "best": 3439.176611615529,
        "n_iter": 10,
        "wall_s": 32.57170104980469
      },
      "mpc": {
        "best": 3259.162447139705,
        "n_eps": 7,
        "wall_s": 30.772960901260376
      },
      "delay_s": 0.05
    },
    "0.1000": {
      "sa": {
        "best": 3436.574853189834,
        "n_iter": 5,
        "wall_s": 31.206321001052856
      },
      "mpc": {
        "best": 3243.2399981045705,
        "n_eps": 5,
        "wall_s": 35.871824979782104
      },
      "delay_s": 0.1
    }
  }
}